组ID,视频类型,文件名,视频ID,视频链接,哈希值
组1,原视频,7413268328149421322.mp4,7413268328149421322,https://douyin.com/?modal_id=7413268328149421322,f156ea6c6c01984facaa35158ae07127696d636df3d06478dd4c820cc748d3b4
组1,重复视频,7411088252045675785.mp4,7411088252045675785,https://douyin.com/?modal_id=7411088252045675785,f156ea6c6c01984facaa35158ae07127696d636df3d06478dd4c820cc748d3b4
组2,原视频,7412587583265426738.mp4,7412587583265426738,https://douyin.com/?modal_id=7412587583265426738,f9d07f0ba96131fdadd9536ac21d3fb88eb6aacdcacafe1595197b67bc8483e3
组2,重复视频,7412188976532000039.mp4,7412188976532000039,https://douyin.com/?modal_id=7412188976532000039,6dfc53600d21850fc365969710a3ef7d1e910ab85634b354ba65a9ff5d290b04
组3,原视频,7400007636646661402.mp4,7400007636646661402,https://douyin.com/?modal_id=7400007636646661402,29deb0ad65286a08ccc6d7781180d6e922afcee82e271d7ab14f6e04151a75d6
组3,重复视频,7397290099966266675.mp4,7397290099966266675,https://douyin.com/?modal_id=7397290099966266675,0897f45ab6c23518176e8788bcf7e8f8cd94e419952a1c29f322134db65c787d
组4,原视频,7413267086635437339.mp4,7413267086635437339,https://douyin.com/?modal_id=7413267086635437339,5d7b645e8a8893b398ad655620473e86fb01d2f37a17a2f1b094e874d0354408
组4,重复视频,7409135334178442533.mp4,7409135334178442533,https://douyin.com/?modal_id=7409135334178442533,d27ff664fe27e7bfd81b87cd8d31c881badccfc59a068ffd108f7077c3046c3c
组5,原视频,7409354726573165851.mp4,7409354726573165851,https://douyin.com/?modal_id=7409354726573165851,16b0c8e899cb51f2522c7c3993bf5b016e73d18b7eef30f03e4b7da67bfc35a7
组5,重复视频,7409870158858161418.mp4,7409870158858161418,https://douyin.com/?modal_id=7409870158858161418,3075efdc61a7120c57e3783d7bd5e66974b6021fbfff9a7ac0a1594767f1eb7a
组6,原视频,7399198061467094307.mp4,7399198061467094307,https://douyin.com/?modal_id=7399198061467094307,cfd6b6c7f346ec780dbad511e4f935c3bfba2719c2feb3973871896a8afe4bf0
组6,重复视频,7408860256144575795.mp4,7408860256144575795,https://douyin.com/?modal_id=7408860256144575795,de2ac7ce8b67d9e6c3d2611943f05ae4fe2119d91ca90f0631b4fa18d01c0e94
组7,原视频,7409940158327295242.mp4,7409940158327295242,https://douyin.com/?modal_id=7409940158327295242,464735abb9109f83cdaa2fdd21ee98ad1aaf2ca0f6b8903563ba7b0898645503
组7,重复视频,7413618825834335498.mp4,7413618825834335498,https://douyin.com/?modal_id=7413618825834335498,0712350f83c6c18e813a398a272e988ad034a258ca4eae4265461e6f0c6b9535
组8,原视频,7409896439356067083.mp4,7409896439356067083,https://douyin.com/?modal_id=7409896439356067083,cc1dc50eeedb90a27c5e6f9ad12412990f684f1cc67feed50b06d68e6f833c39
组8,重复视频,7405889999620558099.mp4,7405889999620558099,https://douyin.com/?modal_id=7405889999620558099,822c3ef4f1eee7efa30ea2aa2a1a99f35891138602e8812f4ea76247ea19919e
组8,重复视频,7405791385002970422.mp4,7405791385002970422,https://douyin.com/?modal_id=7405791385002970422,17e33cfee6574a84659183e379e884ca58fcd718a48fe8c399f11da8fd51c2fd
组8,重复视频,7405447936022170921.mp4,7405447936022170921,https://douyin.com/?modal_id=7405447936022170921,6d9003b7b594bc05d9cdda749f01d486c723dd3870724bf8a5ae8606e5c36e58
组8,重复视频,7405045449100381481.mp4,7405045449100381481,https://douyin.com/?modal_id=7405045449100381481,d0c162c57ad79e3c45296f12a71be9dd333040a75fc47d859d87af26069f5e97
组8,重复视频,7404795632159968548.mp4,7404795632159968548,https://douyin.com/?modal_id=7404795632159968548,d12ec96be4c0fdf508c4eb00af11dbc93076256543e928d92092798ce0c5765b
组8,重复视频,7403588662656568630.mp4,7403588662656568630,https://douyin.com/?modal_id=7403588662656568630,e421a98de70f76e09ba7b1e2d45ec0d0547858b68eb0cf6308bc57cff0aaaf9e
组8,重复视频,7402930394498190655.mp4,7402930394498190655,https://douyin.com/?modal_id=7402930394498190655,10fe66c4f4dbd39a31bac991c9c5c4d377adf68b61ea6182961d1b997ce81050
组8,重复视频,7400345622320123199.mp4,7400345622320123199,https://douyin.com/?modal_id=7400345622320123199,812165a74d9fd7b96d48b24b1de51737c41896a3a93b77341d7fdd435bce3872
组8,重复视频,7400221480757366035.mp4,7400221480757366035,https://douyin.com/?modal_id=7400221480757366035,a0d6b4e1e8ce0ec7b19ec40bc93c599580176688815ae1f859aa428725a78182
组8,重复视频,7399191276815535423.mp4,7399191276815535423,https://douyin.com/?modal_id=7399191276815535423,bf4dd026acd2a73ebffa83c6ef2a1b1f3ca29b7f248f39ca6dcccf2beafeee67
组9,原视频,7405142457169644836.mp4,7405142457169644836,https://douyin.com/?modal_id=7405142457169644836,ee8c5eb7a0aa78ed5af5b43f45723a40e5a05a1a502c9074d9000e849ffebb96
组9,重复视频,7402584441333271844.mp4,7402584441333271844,https://douyin.com/?modal_id=7402584441333271844,711043ffa33bc39cd9c10c5f5c2096ec1e0921e0daec80d9e41c572b823675bd
组9,重复视频,7401719754572025124.mp4,7401719754572025124,https://douyin.com/?modal_id=7401719754572025124,6c493c45b4e23b3150e9e24db5c5b25eca3236bd3dd9999c0a1178707d53210e
组9,重复视频,7398524197254827300.mp4,7398524197254827300,https://douyin.com/?modal_id=7398524197254827300,10f463f5d5828cb3307e49b549bfbebfa3136822c20c28b325ac4c39316741da
组10,原视频,7407262230741355817.mp4,7407262230741355817,https://douyin.com/?modal_id=7407262230741355817,907fc5109a4fa6a18daffbde86889ede8f4e50dd39885b70cd8a3ed71f1de369
组10,重复视频,7407060194737409292.mp4,7407060194737409292,https://douyin.com/?modal_id=7407060194737409292,bca751f5306343289a343f3a4a7fd2dd11e8461d0750878565c34e8abce1bda0
组11,原视频,7406294485765786921.mp4,7406294485765786921,https://douyin.com/?modal_id=7406294485765786921,be1ed9e21405fa554feb162fba4e6046a3d7bb796a99662eeefd84296b2ec456
组11,重复视频,7404389258053700905.mp4,7404389258053700905,https://douyin.com/?modal_id=7404389258053700905,fa1f1a37c997c81f7246284b097a03469e45606c8b8f25ad37ccea1291abbc68
组11,重复视频,7404307161674829075.mp4,7404307161674829075,https://douyin.com/?modal_id=7404307161674829075,073f66c7285ea97597dbb45d164b1b7900c22b4614a122715062b6bd38e387b5
组11,重复视频,7404028710636031286.mp4,7404028710636031286,https://douyin.com/?modal_id=7404028710636031286,0ff925a23d6ccba2e15e3ceeff0ed274ba75c21bcd24297ed93490820c55d4fc
组11,重复视频,7403927282290609471.mp4,7403927282290609471,https://douyin.com/?modal_id=7403927282290609471,ba11fa0fa4be1b8d8e6d4c8c102ddf25139c433123845d69ca40fe8837dc869f
组11,重复视频,7403645186699431231.mp4,7403645186699431231,https://douyin.com/?modal_id=7403645186699431231,721f197f9f526fea70eacc203c270513dad1cde1edbdfad5dcf3cc8c76932d1a
组11,重复视频,7403333107140611367.mp4,7403333107140611367,https://douyin.com/?modal_id=7403333107140611367,1eada8e035aae67451b62b7e09d60f70a352a1afbff5403984390570199a42a7
组11,重复视频,7401811427213757759.mp4,7401811427213757759,https://douyin.com/?modal_id=7401811427213757759,4059e49b083415c89207919d492cf4f1f3d7efaa5bfa1e42f826835ac4c07b0f
组11,重复视频,7401448070342266124.mp4,7401448070342266124,https://douyin.com/?modal_id=7401448070342266124,b76b8bb3022bb27bbd84f36ab1c155957fee6eb106911bb4da545ac96357c83c
组11,重复视频,7400737076133645587.mp4,7400737076133645587,https://douyin.com/?modal_id=7400737076133645587,314dc0cbb05b8ee9ecf657c607f06d27e9cf9d9edbc17fcdf4d8180d7fa31c8f
组11,重复视频,7400358604957666572.mp4,7400358604957666572,https://douyin.com/?modal_id=7400358604957666572,b951203b150d1537e5856006532820fabaab70f0f966dbbf851474350c3ad7be
组11,重复视频,7399996419764997412.mp4,7399996419764997412,https://douyin.com/?modal_id=7399996419764997412,b29c53796edb5bffc0d8ffe1c72b302bfd8c48f4011115bf88aaeb9255d46b2a
组11,重复视频,7398559420130561291.mp4,7398559420130561291,https://douyin.com/?modal_id=7398559420130561291,4a121711c42f081a18bf2871174d425650dcab6c2c8b063da4fa241e97158b65
组11,重复视频,7398161676698209555.mp4,7398161676698209555,https://douyin.com/?modal_id=7398161676698209555,7bde33cdbde0fe4d299ec02fb28281ae4044f6448fed47a004d5a981e92bbe0d
组11,重复视频,7398114316160961803.mp4,7398114316160961803,https://douyin.com/?modal_id=7398114316160961803,fdfc40935c4896d48f561d77834c931a0156ff694894b60b96b7027053f34f38
组11,重复视频,7397716554932178188.mp4,7397716554932178188,https://douyin.com/?modal_id=7397716554932178188,17ce73fc47923450916b8ffc8cc3eb3391ad0c1d27ed323ac0cd583c0ad84017
组12,原视频,7411820365757861139.mp4,7411820365757861139,https://douyin.com/?modal_id=7411820365757861139,225558e87383a9c03505460df5be2636a359b1eedc866ca0dda718307fdb0d16
组12,重复视频,7411803072474778916.mp4,7411803072474778916,https://douyin.com/?modal_id=7411803072474778916,a28bc5c18554baad65cde9547fc2632e0af5efa8cc5929a2c0e35c2135f0fc4b
组12,重复视频,7411766099064278291.mp4,7411766099064278291,https://douyin.com/?modal_id=7411766099064278291,97f7b87b3e7daec42837107e0f87d8c1df61a0bb6bca0284981adc74fe4a3f1d
组12,重复视频,7411477349432167719.mp4,7411477349432167719,https://douyin.com/?modal_id=7411477349432167719,07cf86967c31b10b5fa905bf6be1ae24acb4fb6af23276f49446e3df874f880e
组12,重复视频,7411468024089218367.mp4,7411468024089218367,https://douyin.com/?modal_id=7411468024089218367,84f34ff252274335a15dcf32ce3978d67522f3758e3ca6df03ec42e52716b62d
组12,重复视频,7410750581385530687.mp4,7410750581385530687,https://douyin.com/?modal_id=7410750581385530687,3112a9fdae003fbc102b853ea68cec64708a873911c819a2b4d6d9f1ab29162a
组12,重复视频,7410266358476311847.mp4,7410266358476311847,https://douyin.com/?modal_id=7410266358476311847,98c528edd8f7325709554dcdb4ee54260e32cff46e678a9fa86e3273b90275d2
组12,重复视频,7410023412090850596.mp4,7410023412090850596,https://douyin.com/?modal_id=7410023412090850596,62cf2a11fcd90bf6a89a3b552db7bc60a442eeefe3c72704f695f16fdab3148c
组12,重复视频,7409995935561911593.mp4,7409995935561911593,https://douyin.com/?modal_id=7409995935561911593,86e323c4dbd727ec9b35af07bbbbc00b68119f0e000b2c240f6e4558239a74cb
组13,原视频,7406634952248331531.mp4,7406634952248331531,https://douyin.com/?modal_id=7406634952248331531,c096c18f8b0b5d17c5d22c5e644f459504dd8a8cb56323245b6031d1a1d66ece
组13,重复视频,7400695021160254759.mp4,7400695021160254759,https://douyin.com/?modal_id=7400695021160254759,8e304a9f5a0e042776b4bbfcdadb97f75021cb24f98e836ce3837bd713a3c9c1
组14,原视频,7401359354533874980.mp4,7401359354533874980,https://douyin.com/?modal_id=7401359354533874980,887b9b91e73209c6fa5c2e6b3bb0e25498114895cdfff3f6be8027c76eb3d269
组14,重复视频,7398728942930251047.mp4,7398728942930251047,https://douyin.com/?modal_id=7398728942930251047,2522c8f9915cec224e301f9c5496acac8db87585c948fc3cf8d73fcf5d23c66c
组15,原视频,7408488924554857763.mp4,7408488924554857763,https://douyin.com/?modal_id=7408488924554857763,96e82cace7cc51c3c74452b38f3c60287428fb1885f01e5d74e42bc9cd4a8f09
组15,重复视频,7406919908094692643.mp4,7406919908094692643,https://douyin.com/?modal_id=7406919908094692643,148217de7a0b2ee5ba1b59ebe9440a033571cc6b65e0d70caf85e1876176b1d3
组15,重复视频,7405432060799765760.mp4,7405432060799765760,https://douyin.com/?modal_id=7405432060799765760,97294d39c3db2f81f268717342b4a0d90b2c23c08f3cc9e52ee6dd3148fc2d82
组15,重复视频,7404657610491841844.mp4,7404657610491841844,https://douyin.com/?modal_id=7404657610491841844,1488d23460a5242c575a460633570e8f76964681509a1bfa49b4b490efad2bf3
组15,重复视频,7404320103694748968.mp4,7404320103694748968,https://douyin.com/?modal_id=7404320103694748968,eb099d7ce510bb4e51d1ce51f0297948fbcb63312b36b34e216dc5fca19d1b3f
组15,重复视频,7403249974554774836.mp4,7403249974554774836,https://douyin.com/?modal_id=7403249974554774836,0f66e75b9f72168a6337cf5174b9d88b481273f5cd4fa2e0bb2a89687ac50904
组16,原视频,7405052308687457536.mp4,7405052308687457536,https://douyin.com/?modal_id=7405052308687457536,571d71906912a5afc98376329b03787bdbb46fed0d1e5367b4f425cd989f00ce
组16,重复视频,7404750019707899136.mp4,7404750019707899136,https://douyin.com/?modal_id=7404750019707899136,95743869b5d2f95248339391f2751727e6a196823ec80dc3b5ee83dcf7583642
组16,重复视频,7404428358924225832.mp4,7404428358924225832,https://douyin.com/?modal_id=7404428358924225832,2a8fe840b789731d33b7798004b1e4aed1856191532f7da9d810359ce951b1cb
组16,重复视频,7401730996007193856.mp4,7401730996007193856,https://douyin.com/?modal_id=7401730996007193856,80d24520135553524fc335d538b30d952fc7c0d2648218599ab239ea4b53df51
组16,重复视频,7401395023821982991.mp4,7401395023821982991,https://douyin.com/?modal_id=7401395023821982991,a1527c74270f2141e7a8970e12d94dff4cf232aa535aa3a207ff7b11bc953dd8
组16,重复视频,7401047737820531968.mp4,7401047737820531968,https://douyin.com/?modal_id=7401047737820531968,7b270b784660a90f197bd8d63fcc9ddd5f461e874019c4d3d0d7cdede47433b5
组16,重复视频,7400405646794951936.mp4,7400405646794951936,https://douyin.com/?modal_id=7400405646794951936,3e1db8a43830a87411ecefb098c95ebed7b55eb715ecd94e1167d4e32fd72b4e
组17,原视频,7399832596668026147.mp4,7399832596668026147,https://douyin.com/?modal_id=7399832596668026147,dc9be304c48827c246bd95d5e2e584dd0d7e5137804fa44e70d219f1770204fe
组17,重复视频,7399645160541293864.mp4,7399645160541293864,https://douyin.com/?modal_id=7399645160541293864,ec3754fff47bde66228e1a79d1dc9396f282e6388e160a33d38901b34bbc2679
组18,原视频,7407645516214963471.mp4,7407645516214963471,https://douyin.com/?modal_id=7407645516214963471,fbd5f361f6347d69fa5a4ef927f2700e23c8c187ef8a74211dc55c65ec7e5c74
组18,重复视频,7403586190043106594.mp4,7403586190043106594,https://douyin.com/?modal_id=7403586190043106594,db66d6b098f4312f7ae9f4f10a8faddf86d6e12471c52474b29ceca786c1f7b2
组19,原视频,7411911433585249546.mp4,7411911433585249546,https://douyin.com/?modal_id=7411911433585249546,f166e5d2bd09f8a1fea7d4f20ce114f29ee0728ff5e3174fc59a20a3c61f866f
组19,重复视频,7410728729950833971.mp4,7410728729950833971,https://douyin.com/?modal_id=7410728729950833971,dfa9bd2e7b481b8ad3c4f7a69beac79ad9fc474bcacc735411232bb2ddf8024b
组19,重复视频,7410627198408756507.mp4,7410627198408756507,https://douyin.com/?modal_id=7410627198408756507,8dff9636aee5af9b7a670383b29c0db754c21bb5afdc1b8063cd5e16be3794ba
组19,重复视频,7409958584345234726.mp4,7409958584345234726,https://douyin.com/?modal_id=7409958584345234726,6e221a12aef3341d3cd171393ff57d6ed63f53bdd8ff33c71d35067a36ffefb7
组20,原视频,7405234553628986664.mp4,7405234553628986664,https://douyin.com/?modal_id=7405234553628986664,908476962f22a7a4e39a03c331379cc7825e481dfe189eb64a64d7cca949d203
组20,重复视频,7405061966038846755.mp4,7405061966038846755,https://douyin.com/?modal_id=7405061966038846755,0fe896451cd8b7c24e4ac8fb4354ff7d796e7773e7319022c71ee0f5f21656b9
组21,原视频,7413986082653605160.mp4,7413986082653605160,https://douyin.com/?modal_id=7413986082653605160,0ccee6e4d628e9f08ad49320aba22ea05968cb0d634005b9202f29ea723df52e
组21,重复视频,7413686227762744616.mp4,7413686227762744616,https://douyin.com/?modal_id=7413686227762744616,62f236bdc8011c2ef437dbf39188965c1ecf0fd4b714a3cc04797c5e3f539b2a
组21,重复视频,7413236929170312483.mp4,7413236929170312483,https://douyin.com/?modal_id=7413236929170312483,35c949c03880fb335ddd716157a7700508388906f4b59cda39355daf72a927ab
组21,重复视频,7412963441314385192.mp4,7412963441314385192,https://douyin.com/?modal_id=7412963441314385192,4a7aedc5262a72ef70b5d8aca38e5af6df1b2b5162bb3a6ddaaa1d9971f95a24
组21,重复视频,7412869874634034467.mp4,7412869874634034467,https://douyin.com/?modal_id=7412869874634034467,38256bdcf0ab14d4bd6e971512050f6a4f679003b11090cfa9a1ea900ea76fa0
组21,重复视频,7412614894740098356.mp4,7412614894740098356,https://douyin.com/?modal_id=7412614894740098356,2c05342875689be0387bdadd5f113c8c215ad504d2cebba618d9ee537f37b634
组21,重复视频,7412614693510057250.mp4,7412614693510057250,https://douyin.com/?modal_id=7412614693510057250,e41144502b4c9cf0a34f60fe476020b8185aa75aae32c083a91c5266d15d31fe
组21,重复视频,7412484541274672418.mp4,7412484541274672418,https://douyin.com/?modal_id=7412484541274672418,08f184fdaa04434accdf8684bea8b0378873d442a603c339eba683ee677ed5e6
组21,重复视频,7412153496042097972.mp4,7412153496042097972,https://douyin.com/?modal_id=7412153496042097972,d2ad6e2cfc6da0111125eb61449181403a4168e98c7f86bebed9a7fa84367b76
组21,重复视频,7406642168066018598.mp4,7406642168066018598,https://douyin.com/?modal_id=7406642168066018598,87a01544e12197c9171907ac2687e3960b5cc1caec6555abe8ecbb97b78203f1
组21,重复视频,7405783984392637734.mp4,7405783984392637734,https://douyin.com/?modal_id=7405783984392637734,48a81884df60e51b4980d8c7f90db0d742d7fae3ed6b55274d83f92e354775fc
组21,重复视频,7405501332431359270.mp4,7405501332431359270,https://douyin.com/?modal_id=7405501332431359270,d98fe5ae521b8c80c9909cd32f6abab8c3d896916b50fa0040867ab22391177f
组21,重复视频,7405048598393621786.mp4,7405048598393621786,https://douyin.com/?modal_id=7405048598393621786,471817c408fddd1371b3a762073c27d1cc1b04aa9237e997f9500e978a5b3f28
组21,重复视频,7398093620420627739.mp4,7398093620420627739,https://douyin.com/?modal_id=7398093620420627739,eed96f0dc96653b01781107b95b16c3376afeb8d0fd8cad19e08e4942586979e
组21,重复视频,7397716875582459187.mp4,7397716875582459187,https://douyin.com/?modal_id=7397716875582459187,646801fb1a600b4a6b24b0ec8df7e0d3aeaf757c4fda0b1604b262ed0cec47b7
组21,重复视频,7397629951689674035.mp4,7397629951689674035,https://douyin.com/?modal_id=7397629951689674035,9097df3c38717020b616edd7c294c1102b8f0f80b2c72ec385edd58d9b1f4aa0
组21,重复视频,7397295411322555698.mp4,7397295411322555698,https://douyin.com/?modal_id=7397295411322555698,2e92f37852225a3d8c9dacd74dba39fe0ca1e004f2b86637b7fe359ddc204d9a
组21,重复视频,7411846831778450740.mp4,7411846831778450740,https://douyin.com/?modal_id=7411846831778450740,4ead003aef3eb9bb005eceaf8bba61f4b12d6abd4b8b77c253e4e2f093bb37f6
组21,重复视频,7411507429227171072.mp4,7411507429227171072,https://douyin.com/?modal_id=7411507429227171072,ab72b33fe8477ffd1bc395f5faba273bbdf14d061a7a5bdbe6ff37d9f1987d1f
组21,重复视频,7411138652216020264.mp4,7411138652216020264,https://douyin.com/?modal_id=7411138652216020264,0519bc5a0737c12efbacf2f87a9b181d3177e801f0acbbb89035c3952ea43fd4
组21,重复视频,7410750746498551055.mp4,7410750746498551055,https://douyin.com/?modal_id=7410750746498551055,a76911caa58242bd890425324cbb8f41bba39f345a8bcafcab756abfe0580f1e
组21,重复视频,7409276743946603791.mp4,7409276743946603791,https://douyin.com/?modal_id=7409276743946603791,b6ba72358f7bfe0497c1a89e5e0ea83cbc06f7ce3cb074d2a1d858078187d20a
组21,重复视频,7408523682101857588.mp4,7408523682101857588,https://douyin.com/?modal_id=7408523682101857588,e95864d5eb1ca1c193ec5b86c3e15db5c81075d1caa65089eb30153e96cc341a
组21,重复视频,7406693729148423476.mp4,7406693729148423476,https://douyin.com/?modal_id=7406693729148423476,ba9b07c4c3ecbb1df4aff155966128e389adb6f54ba93347fbd47f897078b2fb
组21,重复视频,7405942537204124980.mp4,7405942537204124980,https://douyin.com/?modal_id=7405942537204124980,a37b207ba28377e819e75ba04e5915d494c19ead6b586df83bc1667237200581
组21,重复视频,7405577115829226786.mp4,7405577115829226786,https://douyin.com/?modal_id=7405577115829226786,e57716fb9ea93cb59e7cb0bb21c8435c31079b5ac04c419f4d89a190aef5fe80
组21,重复视频,7405242113643859240.mp4,7405242113643859240,https://douyin.com/?modal_id=7405242113643859240,b5597cdcd8f37eb14894d9ec9b34b085e9ccb27a9c7554c39afc58ff113f6478
组21,重复视频,7405204415801593140.mp4,7405204415801593140,https://douyin.com/?modal_id=7405204415801593140,1c1b229c0dfb3336a3e44931e12a851f6cd1135f28e3241a61454508bcdbe031
组21,重复视频,7404870959913635124.mp4,7404870959913635124,https://douyin.com/?modal_id=7404870959913635124,99644a1362138d829db75eac7a2d246c6b9d2dbcd195e7ad3555872a7bcfa32c
组21,重复视频,7404851256042261794.mp4,7404851256042261794,https://douyin.com/?modal_id=7404851256042261794,1244f7d16bf65c37f679a883a4225cb8691b197be28b4bf8a15bc3a8a2895d66
组21,重复视频,7404101886984391951.mp4,7404101886984391951,https://douyin.com/?modal_id=7404101886984391951,486645e6f8f4c3cc309ab5fe0cd4e699e95b1f5542334d0c108d8c24b4d5055a
组21,重复视频,7403732817424829730.mp4,7403732817424829730,https://douyin.com/?modal_id=7403732817424829730,5f62445974257a30364d714df9200428b98ea90ae0b81a577043b281d937b595
组21,重复视频,7402982083955543348.mp4,7402982083955543348,https://douyin.com/?modal_id=7402982083955543348,f83c9cbdc901d83cd63c8c62d5bc0bfbb0964b1b9462e19be491145f967fd814
组21,重复视频,7402617491987500340.mp4,7402617491987500340,https://douyin.com/?modal_id=7402617491987500340,4feb42ca1f139244f64ea0c4358803ebd5d98c7acec3703b50068371b95c32ae
组21,重复视频,7401915084055776547.mp4,7401915084055776547,https://douyin.com/?modal_id=7401915084055776547,ac67e90f510e4319470d63e98e767a19a0b180b0685a7543756d908245af022e
组21,重复视频,7411059603074485514.mp4,7411059603074485514,https://douyin.com/?modal_id=7411059603074485514,9d46b33abb2af4fec19074f835e77dc2ba9857b575dc7a8b54e31cc21fe0a771
组21,重复视频,7411037415357353225.mp4,7411037415357353225,https://douyin.com/?modal_id=7411037415357353225,d760fa1849f29d02eccdeb69578b6e3ff0430e5dd83cdb8b69135fe8e0f6cecb
组21,重复视频,7409984529835871498.mp4,7409984529835871498,https://douyin.com/?modal_id=7409984529835871498,1cd17f1d83fd557a8117012a5c3720e2cfc8b3164dc0988bb88299e941e38312
组21,重复视频,7409900725691600154.mp4,7409900725691600154,https://douyin.com/?modal_id=7409900725691600154,d386c36f68e5a775e155af8a6cf57dd3bbc49979b68b3faab4582a4bb990606b
组21,重复视频,7409584150828616997.mp4,7409584150828616997,https://douyin.com/?modal_id=7409584150828616997,ffb783b98ee3d7f19cae16ec1ef392fd903dbf1556039b416fe8d564756c6fea
组21,重复视频,7409188316769209609.mp4,7409188316769209609,https://douyin.com/?modal_id=7409188316769209609,3601c901b17720936033bf46dde29e4020e656a689765521e857d1b869e37a1b
组21,重复视频,7408854842883558665.mp4,7408854842883558665,https://douyin.com/?modal_id=7408854842883558665,47c50247519e8b772e3b02e6d3dce3797f17194acf7af4050314929d10a58561
组21,重复视频,7408812523220192522.mp4,7408812523220192522,https://douyin.com/?modal_id=7408812523220192522,869d939a9a9c99f43d59c37f92dbb79e827c60cedf9c57c63e36f828e58145fd
组21,重复视频,7408398256016723252.mp4,7408398256016723252,https://douyin.com/?modal_id=7408398256016723252,f5b4f10e3a89b43bc05f9782b1645eb18514913906c28c27b8ebd3037f182b5e
组21,重复视频,7408178976780242191.mp4,7408178976780242191,https://douyin.com/?modal_id=7408178976780242191,f87582cd0e8e70fcbd772db681cdedbbc43127d17c953790cc153d64e06ec19a
组21,重复视频,7406244647368019240.mp4,7406244647368019240,https://douyin.com/?modal_id=7406244647368019240,37a0f6cd59ebc4a82f03f4b26e17a3577eb07615a2f62b1d60ae570b9ca3266a
组21,重复视频,7406212049610542388.mp4,7406212049610542388,https://douyin.com/?modal_id=7406212049610542388,20b567c9722e71b2b0e4210541bd1953b570cccbfc7e84ab8e3e832f8e420bc3
组21,重复视频,7405431372275256610.mp4,7405431372275256610,https://douyin.com/?modal_id=7405431372275256610,698f6c81ccdece1ea521a48395e747ec5d62091d9dbeb9f02d7ff0f9c1137513
组21,重复视频,7405405604237430068.mp4,7405405604237430068,https://douyin.com/?modal_id=7405405604237430068,b91241eb8e02e62b328f1d730126c022fdc2acdf73ed76a99e1f27e31735ab23
组22,原视频,7402857699769093426.mp4,7402857699769093426,https://douyin.com/?modal_id=7402857699769093426,7acd6206c303d67b09cb02219aa1d0f265dfec707716611287c1643e07a55894
组22,重复视频,7400623792319515941.mp4,7400623792319515941,https://douyin.com/?modal_id=7400623792319515941,ef2ddc5b6aeef4239e6f800cf772c07b4222ed2fe714c635b6244648331e4ee7
组23,原视频,7414709412650110243.mp4,7414709412650110243,https://douyin.com/?modal_id=7414709412650110243,96bfe3389b51146058934c7807d92cc4501ad28f9c3791f24adc015aa457c2af
组23,重复视频,7412462656679955727.mp4,7412462656679955727,https://douyin.com/?modal_id=7412462656679955727,62352461551a7a5fc70f589a52fb16434be9d43cb4ad302099ae142505526b37
组23,重复视频,7412224220505181440.mp4,7412224220505181440,https://douyin.com/?modal_id=7412224220505181440,9bedeedd4cd1a30096f12e9e6821e1d9733506c3f69642826a4fbdee81a2372e
组23,重复视频,7407018516282363146.mp4,7407018516282363146,https://douyin.com/?modal_id=7407018516282363146,fff16cdb0335cd5ae3df681ca582792c71f003a9d9e4b9b22b86082448511aa7
组23,重复视频,7406545305191206154.mp4,7406545305191206154,https://douyin.com/?modal_id=7406545305191206154,92c4abec57f7ba96848995636e67fb640b77130ad42f2031774d2b3ff666d9f4
组23,重复视频,7405967621146823946.mp4,7405967621146823946,https://douyin.com/?modal_id=7405967621146823946,efcd4ac386d9b2707da2a0c120690a82835bad2643cb4291be3ae273f5a74b5b
组23,重复视频,7405496704495013146.mp4,7405496704495013146,https://douyin.com/?modal_id=7405496704495013146,1860d7d5ae502d3639c2748c56e2997d984bb8bffce3a3d201b71ab78e13f574
组23,重复视频,7404772653728386341.mp4,7404772653728386341,https://douyin.com/?modal_id=7404772653728386341,44a16e9aef98964eb363d896b7ef738c18a97c7dd94742a2eaf86dc4bfd8e98c
组23,重复视频,7404348084920028454.mp4,7404348084920028454,https://douyin.com/?modal_id=7404348084920028454,890c5d7e4d5a5b6ecd6dc317ea7c8f286de3c8b26d830f29169b9ba550876eff
组23,重复视频,7404308575113252133.mp4,7404308575113252133,https://douyin.com/?modal_id=7404308575113252133,5598c24915cf112a3ac9630003ba6d8a73f1997d6d234c867d3e2e042bdc56c7
组23,重复视频,7404008403103681830.mp4,7404008403103681830,https://douyin.com/?modal_id=7404008403103681830,bced42a828fec6b9e8e06e962b78dd4cba9dcb8f3d73ffb192f23e834fe3faf4
组23,重复视频,7403599409558129971.mp4,7403599409558129971,https://douyin.com/?modal_id=7403599409558129971,8c8864288a5c127839b2d546b2e014fb25ff8c44224b5d01f89b0080efeeb641
组23,重复视频,7403546890710584603.mp4,7403546890710584603,https://douyin.com/?modal_id=7403546890710584603,19fbf2858cd801512b94ab4096999dbfa9d463fc8eafd55a4eb702772c2111fc
组23,重复视频,7403241768176700698.mp4,7403241768176700698,https://douyin.com/?modal_id=7403241768176700698,4bc1e914638d96635e3806c46f64f87e626fd096d0e2e1e4f4cfd0c730da9116
组23,重复视频,7403220374382562611.mp4,7403220374382562611,https://douyin.com/?modal_id=7403220374382562611,814b08bc13784581ecfb744fcd148a4fd8a45f1b378951937501b0dfaa14788f
组23,重复视频,7402835327360060710.mp4,7402835327360060710,https://douyin.com/?modal_id=7402835327360060710,f1d0e0da32cbab3dbf53973b118841678ae34b1d7c76bc8dce2d1662fac74ddf
组23,重复视频,7402494339315748147.mp4,7402494339315748147,https://douyin.com/?modal_id=7402494339315748147,e446da0d81fb3be7303d651c75dbbb66da1ff4aa2c7aed58a77cb58db9c5299c
组23,重复视频,7402447110622235914.mp4,7402447110622235914,https://douyin.com/?modal_id=7402447110622235914,6ef4ca6e61745ddc309ee8d0d9e8558b6282595c15c3ad6dc2cf763a5a4f744b
组23,重复视频,7402108868068724019.mp4,7402108868068724019,https://douyin.com/?modal_id=7402108868068724019,3d0e7870976bc750f1437a9801c476e457132c95b6a23979bf959397381c1d48
组23,重复视频,7402064529485581618.mp4,7402064529485581618,https://douyin.com/?modal_id=7402064529485581618,cf56d537c9e0c966063a62d3d7d891751120e3c5a2e80d3717cb7457f30a116e
组23,重复视频,7401797126218452275.mp4,7401797126218452275,https://douyin.com/?modal_id=7401797126218452275,c78af19058cfcce1113563c6af5b9c3fd1d71cf644157467518509a417d3d14f
组23,重复视频,7401745241469898010.mp4,7401745241469898010,https://douyin.com/?modal_id=7401745241469898010,86fa5fa1733cfed25c5e138242527abb8f2ed85188f1b6d22d1908817d87c7b3
组23,重复视频,7401425560355818803.mp4,7401425560355818803,https://douyin.com/?modal_id=7401425560355818803,630fc6151a7257edfb5ca51b47004fefcf9c5dd1b306e50e260efef5f5d52dd2
组23,重复视频,7401335884823547187.mp4,7401335884823547187,https://douyin.com/?modal_id=7401335884823547187,55d3ae07799931c7824dd7f6cd9e221acd6234d5d05700aa558ab9f9e65d771c
组23,重复视频,7401027526140693770.mp4,7401027526140693770,https://douyin.com/?modal_id=7401027526140693770,21054e2cfb5672a4dfd7f800bc1a5ab9a0a66678ce0320eff8ef0dd7f52a2ce9
组23,重复视频,7401013347782544666.mp4,7401013347782544666,https://douyin.com/?modal_id=7401013347782544666,4bf2df0097bcf3a4004749202d722084b42392e61937121958e0dae23c7a8d98
组23,重复视频,7400609982892330291.mp4,7400609982892330291,https://douyin.com/?modal_id=7400609982892330291,24d46251d071330ea6d63eeea31505d6822242de81aa7836b481d93944104a16
组23,重复视频,7400366955770793254.mp4,7400366955770793254,https://douyin.com/?modal_id=7400366955770793254,c5cbbf6651891c4d500b3ffe014d65e26d4043ae6ba61e343aa806b0012ddaf5
组23,重复视频,7400226170798755109.mp4,7400226170798755109,https://douyin.com/?modal_id=7400226170798755109,58f7cecb411ae1a70d49947d3840836b27d4aee332ab413c717103e539afc357
组23,重复视频,7400211653352082714.mp4,7400211653352082714,https://douyin.com/?modal_id=7400211653352082714,a8fcdbc110ec03f9966a9a8c796872f471ae37fd5771c7c66d5d6fefb1e079a3
组23,重复视频,7399953851979222282.mp4,7399953851979222282,https://douyin.com/?modal_id=7399953851979222282,4e76158fb46c6849d87a1818c74da2acaf5388f50f4ebcacc112a6b1682b74f2
组23,重复视频,7399856851560500530.mp4,7399856851560500530,https://douyin.com/?modal_id=7399856851560500530,6dea76ef73ee8e8069f4834459318fd21cb92af9ba58a05de806583d0ef86f0d
组23,重复视频,7399843436209130803.mp4,7399843436209130803,https://douyin.com/?modal_id=7399843436209130803,26eb5a6f0bacdf5de5a003eae443d631c55cbafaf2f7dfb3e4ba7b9107b84fd3
组23,重复视频,7399501487505739046.mp4,7399501487505739046,https://douyin.com/?modal_id=7399501487505739046,e57de6574d39aaba41429b0dc7743befd01fe96296dcb19490bc68c3b676bee5
组23,重复视频,7399244552487406874.mp4,7399244552487406874,https://douyin.com/?modal_id=7399244552487406874,380ac215837bd22bfa9a415ca6673e52442a4dfa37de8521baaaea29dbd2cc27
组23,重复视频,7399234584216489267.mp4,7399234584216489267,https://douyin.com/?modal_id=7399234584216489267,28332dd20e976b92d3463dc15e37e5965d6871fcb93dd9bb211201aa74d88f24
组23,重复视频,7398780113799761203.mp4,7398780113799761203,https://douyin.com/?modal_id=7398780113799761203,bf518cb7f52e7aba8679b52bdc1883ba933a81bfb533be37afeba0d1f1a646d1
组23,重复视频,7398773473725730057.mp4,7398773473725730057,https://douyin.com/?modal_id=7398773473725730057,cf6d627026e4d5990941ac92b9211b31f178bfc95ff3445afc67008aaf471ee4
组23,重复视频,7398738100484115763.mp4,7398738100484115763,https://douyin.com/?modal_id=7398738100484115763,c13395bce554337eff41fbb444ea7729f92593f526743165d57cd776c5fc03bb
组23,重复视频,7398419622736743731.mp4,7398419622736743731,https://douyin.com/?modal_id=7398419622736743731,ef96da6c5308620404e03e1a7a9b79c0cbce1b359e408f6e25b60c9e1880830c
组23,重复视频,7397741013026065714.mp4,7397741013026065714,https://douyin.com/?modal_id=7397741013026065714,c1feeec9e415ff59de54291f9e0356c0d44f915f67e90abb56bf2ab88976fd6c
组23,重复视频,7397254854495735091.mp4,7397254854495735091,https://douyin.com/?modal_id=7397254854495735091,46138488140d88942c1e6b43d372f9914b3015ec29ecd76c43655b67464a00d6
组23,重复视频,7408071551242882356.mp4,7408071551242882356,https://douyin.com/?modal_id=7408071551242882356,b1f51580582fe5469e647f6845557a9d7c2b736ff242b4ed23503470bb951c65
组24,原视频,7406233075694275878.mp4,7406233075694275878,https://douyin.com/?modal_id=7406233075694275878,4911683eabfe4a3c6918d914a3511227976ba92a062fce5a4db2baa0f710fdee
组24,重复视频,7405067960450141491.mp4,7405067960450141491,https://douyin.com/?modal_id=7405067960450141491,8d9eafd18e3bcc8310cf7f6b0914a76477bbe687dde79e5b507a131389ea1fcc
组24,重复视频,7411826949988928808.mp4,7411826949988928808,https://douyin.com/?modal_id=7411826949988928808,3cf240c85c190d31bd8462552404ccaadb328261be9a61ca1e60fa67de1d82fe
组24,重复视频,7403720561282649344.mp4,7403720561282649344,https://douyin.com/?modal_id=7403720561282649344,e34e86021643ba15c024a6a83c1f4afc1b1ef68891de9618099b6da53574d38c
组24,重复视频,7406533189298031887.mp4,7406533189298031887,https://douyin.com/?modal_id=7406533189298031887,284e630e4e77d8390547c2fad304e7477aef8c740a0539524ba77258079bc41a
组25,原视频,7414341560554278184.mp4,7414341560554278184,https://douyin.com/?modal_id=7414341560554278184,f67621fdeef946f219a65d8cc38d143606339252b9fcaa1b7967dce1258515e8
组25,重复视频,7407019493660069158.mp4,7407019493660069158,https://douyin.com/?modal_id=7407019493660069158,168e688cd1162915b9f06ef917dc0998a06e4f24f8052e259374259b43814dd7
组25,重复视频,7414111992581016884.mp4,7414111992581016884,https://douyin.com/?modal_id=7414111992581016884,4d37b16be5f4dcdbb47ee1867fc32a60d75584bd6264f24456f33ef9d827ac4f
组25,重复视频,7410324500086148404.mp4,7410324500086148404,https://douyin.com/?modal_id=7410324500086148404,7e05368cac05368711b0d3fb7ab1fecf8484cb76d90c0a609beaa679978b98f4
组26,原视频,7413352876644355368.mp4,7413352876644355368,https://douyin.com/?modal_id=7413352876644355368,58a8c8c8862c472586f2d500774fab99ca81b2bf4c31b0ce349efd1db500167b
组26,重复视频,7412968046488292643.mp4,7412968046488292643,https://douyin.com/?modal_id=7412968046488292643,6ab9f995a1657e922ec6bc941334548c1197ecce3b1f969d9bb8d54faaf5d3b8
组27,原视频,7413668707148369191.mp4,7413668707148369191,https://douyin.com/?modal_id=7413668707148369191,64de79a3696a051ca1e6247295c5e200d4cc02377fa2e7558b2bac9b38c722b7
组27,重复视频,7409955168646679871.mp4,7409955168646679871,https://douyin.com/?modal_id=7409955168646679871,e5b15fc3e1e8003d99ef8afb26d878c2fa6f2f3bbb840de030484be25c0a72c0
组28,原视频,7399595271346228517.mp4,7399595271346228517,https://douyin.com/?modal_id=7399595271346228517,0ce9c29ae1c35604bdc7188f19241cc1d715dd7920ae7e2af28cbb02fd53e931
组28,重复视频,7398140387543485705.mp4,7398140387543485705,https://douyin.com/?modal_id=7398140387543485705,d59fb0e9a15c8e59d91b622cd4bb5b64bbdc8218f9c50f6ef2cdb18bcd121f8d
组29,原视频,7408496095883529499.mp4,7408496095883529499,https://douyin.com/?modal_id=7408496095883529499,dce6370716b2056a64aedadf10d07fe360264521d5b5ab9c9bf6e4898a5a1367
组29,重复视频,7407785719156002059.mp4,7407785719156002059,https://douyin.com/?modal_id=7407785719156002059,b6f2502953ea8d6931c23e1bf66a2501d621b696d1af093cb6cb7cceac28234d
组30,原视频,7409612647479430409.mp4,7409612647479430409,https://douyin.com/?modal_id=7409612647479430409,c6a1165ecc75cf813385dfb1b63b99132e4d412a6525f7df25c08318df2ae06b
组30,重复视频,7409519959371484466.mp4,7409519959371484466,https://douyin.com/?modal_id=7409519959371484466,8e7151d85d359b68a7bca27c6e27072308bf6d8e8c46888a1899bd353e224200
组31,原视频,7405194564564258058.mp4,7405194564564258058,https://douyin.com/?modal_id=7405194564564258058,e770d2fe9d7baa0d5b7d605d1cc6cb38c02b4f4e8c54785a83a63e1d0b2023f3
组31,重复视频,7398109209830771995.mp4,7398109209830771995,https://douyin.com/?modal_id=7398109209830771995,f191542a5d868d972d0bd7273d214f33f0ddc96349f6eddbdd3e7e5616d521e6
组32,原视频,7399254023267732762.mp4,7399254023267732762,https://douyin.com/?modal_id=7399254023267732762,679982afbaed05e2bea32d16db5b591be6674ebde81adbc42f5c361e81e94b16
组32,重复视频,7399177797127785766.mp4,7399177797127785766,https://douyin.com/?modal_id=7399177797127785766,edec8ca79faf9b3a12147c00fa275886575fbe737beff88c1ae2d3cd6932a604
组33,原视频,7412135825384738100.mp4,7412135825384738100,https://douyin.com/?modal_id=7412135825384738100,e535f820d0dad22f74aecfd073878f8c16030a9171fe7e27cc1b226eb526b852
组33,重复视频,7412581785080499493.mp4,7412581785080499493,https://douyin.com/?modal_id=7412581785080499493,5f458190d03e9f1e9a5c7dea81aa0b85d70eaa93c320b30826bf9c7dd044fe00
组34,原视频,7401683329185008932.mp4,7401683329185008932,https://douyin.com/?modal_id=7401683329185008932,e7dfd8cb0b95e9298eef6dd9449e8c6f21185c2a91862ebfaf2edbe027d863d3
组34,重复视频,7401351714147765516.mp4,7401351714147765516,https://douyin.com/?modal_id=7401351714147765516,6270c740d79af887b6e1b46a83dc51b448b2d428e93e23e2a0150e0a4ab67179
组35,原视频,7413617000448118068.mp4,7413617000448118068,https://douyin.com/?modal_id=7413617000448118068,a006a825e5d7442877d7e43e7288605f876bbf8c9cf756177d3526a49325c01e
组35,重复视频,7411908893472820532.mp4,7411908893472820532,https://douyin.com/?modal_id=7411908893472820532,65763d389188f016e7ac91d72b5aee115dd3737de106e0af7f47f749fe0fa065
组35,重复视频,7406908521817591059.mp4,7406908521817591059,https://douyin.com/?modal_id=7406908521817591059,87f3f551f14323f86c1ee6134bdabb1fe94b08b4c0eaa2fbf018f022894b0efb
组35,重复视频,7406576786768743716.mp4,7406576786768743716,https://douyin.com/?modal_id=7406576786768743716,b2edd717c4f6243973ea8ed1a9a504b48ba5ea6bfb236e9b779636f782db9fe3
组35,重复视频,7406531833703189772.mp4,7406531833703189772,https://douyin.com/?modal_id=7406531833703189772,3f1886cdd5ee0d4dcbbb49da1a4d1f5d1f2095c8be1e3beab6a9ef84a88324d3
组35,重复视频,7405815833710185782.mp4,7405815833710185782,https://douyin.com/?modal_id=7405815833710185782,1aa25f71fa901486706eb0dae21d10a5916e8af37c665696e616a08c0d4c2e3f
组35,重复视频,7404356771462122764.mp4,7404356771462122764,https://douyin.com/?modal_id=7404356771462122764,84d58ab64e98b113d4fe602ac4e6427f0f2da4983014fb4efe13e18f889908c0
组35,重复视频,7404003279413349671.mp4,7404003279413349671,https://douyin.com/?modal_id=7404003279413349671,0eae6d679add4ada3c26b6c09fa48ee6e8a145b63c0fbae47571d46d2a6907bb
组35,重复视频,7400591007726816575.mp4,7400591007726816575,https://douyin.com/?modal_id=7400591007726816575,0c6ec0b0457db3e9c0e244ccb4cd8941119672cf353bfa396a31ef15bfab7dc6
组35,重复视频,7398000752247065897.mp4,7398000752247065897,https://douyin.com/?modal_id=7398000752247065897,039880f372564a111cd90ed12e998936b0560c056f53b5a36736ef8d444635b2
组35,重复视频,7397655728229534987.mp4,7397655728229534987,https://douyin.com/?modal_id=7397655728229534987,39d8b601ebf69fa6389b990d8cd5de9d93ddb20e5781ef175e8c6b060845377c
组35,重复视频,7397344882177674537.mp4,7397344882177674537,https://douyin.com/?modal_id=7397344882177674537,dc5853f73ad80cbeff62731888e31cc3a474439c547492e03779addb0537f9b6
组36,原视频,7413618415719468325.mp4,7413618415719468325,https://douyin.com/?modal_id=7413618415719468325,7ae043406a831e8069022bbfe14693ac797f5d5deeb8b69adfebfd4823516183
组36,重复视频,7409997626600377635.mp4,7409997626600377635,https://douyin.com/?modal_id=7409997626600377635,a269bf8171f4e0c3aa68f0d7ce59f7d0719d5f0c3a6e1d273d6206575a35ef13
组37,原视频,7403913989022878995.mp4,7403913989022878995,https://douyin.com/?modal_id=7403913989022878995,6fc3a9a5ac4a670ed0ede9dcb5ec8f2dbfb6cfa39df4fe90e3ceb2c16b7ffe39
组37,重复视频,7400221667282259236.mp4,7400221667282259236,https://douyin.com/?modal_id=7400221667282259236,3849cc3155556b805057c479bf816082ca9f8ffe9bda60978929553825c11c85
组37,重复视频,7399206553926044939.mp4,7399206553926044939,https://douyin.com/?modal_id=7399206553926044939,7d0ef77192e108eaef49d93a212eec8262dfff7667219b814fbfcde8b2026634
组37,重复视频,7397366120107232575.mp4,7397366120107232575,https://douyin.com/?modal_id=7397366120107232575,204658fe1ae59d14586e7dc843767e92c853eb5a3113374d9e11fe8510570df3
组38,原视频,7405113333499661607.mp4,7405113333499661607,https://douyin.com/?modal_id=7405113333499661607,b187c794a6c8042d9125197e293343c1cdb41622db90c9609f9f8d6a1e013473
组38,重复视频,7403970503938952487.mp4,7403970503938952487,https://douyin.com/?modal_id=7403970503938952487,d5170622f1403fc0fc86cfcb91dcda930ca28b445ca10e916fea481de7616d29
组38,重复视频,7398031596135238953.mp4,7398031596135238953,https://douyin.com/?modal_id=7398031596135238953,a14186464fc7cddb777bd512a4f833aa89371d4be4dc1f0d6a3a3a4cc5c4d16d
组39,原视频,7414063290474564901.mp4,7414063290474564901,https://douyin.com/?modal_id=7414063290474564901,51da20396e3b7ed4351c88a0ab156f3fd86cf4d924fa7753b259772a1da79604
组39,重复视频,7411125850717867279.mp4,7411125850717867279,https://douyin.com/?modal_id=7411125850717867279,3aa9bdf1b1a02dc5326a37e4cf6fffa5109b65f0b9bbf99c75f2ae63fdc047fd
组40,原视频,7407758612799474944.mp4,7407758612799474944,https://douyin.com/?modal_id=7407758612799474944,61186eddc82de4f25cbae72b97479a38f9accb44594a64ceb2ac4fc30820dfe7
组40,重复视频,7407295280376204579.mp4,7407295280376204579,https://douyin.com/?modal_id=7407295280376204579,cb84f5e66ad8e97fcc6da9b7c2f49ce8d9cae3b31fbf8267f8940552751ec904
组40,重复视频,7405553872699280640.mp4,7405553872699280640,https://douyin.com/?modal_id=7405553872699280640,b6826157fa15ae3cf00180fe194824b24083b22109f8678b97755507440e8991
组41,原视频,7405924028302544143.mp4,7405924028302544143,https://douyin.com/?modal_id=7405924028302544143,c45fac5b2df0785dea56e09fad91828ee117e56f2c56decfaaec2063ee68de82
组41,重复视频,7405428214727838991.mp4,7405428214727838991,https://douyin.com/?modal_id=7405428214727838991,d5e0704da293a88ef5823036ae2171553a6a533a8fc9b3f1d5c2685cebfd309d
组41,重复视频,7403949325694356751.mp4,7403949325694356751,https://douyin.com/?modal_id=7403949325694356751,73e05335da98a659de37a570b8f5f6f752c045a58e23d148727d7d24a81d221d
组41,重复视频,7402453260877008163.mp4,7402453260877008163,https://douyin.com/?modal_id=7402453260877008163,01de463b45a6601dce019bb7191e15c9303b05c8ffed16f815e93271f4573418
组41,重复视频,7400759129406508323.mp4,7400759129406508323,https://douyin.com/?modal_id=7400759129406508323,ee6d85fe455cf847947b67fc0fbce03f89ce976f74bd7ef6c0063b55915e159d
组41,重复视频,7399593542789745955.mp4,7399593542789745955,https://douyin.com/?modal_id=7399593542789745955,75477510674118ff3bb4951d297353816dca6dee6d4a0347fd1c945d4b020f13
组41,重复视频,7398388527509130536.mp4,7398388527509130536,https://douyin.com/?modal_id=7398388527509130536,81394857677d11f09e92504af450c1b717606a499d477303d225674d5a2d83dc
组42,原视频,7410390692452781348.mp4,7410390692452781348,https://douyin.com/?modal_id=7410390692452781348,b8c9cda6c88a6f0864a806062f2569ea9fa476b1741f3eb157e3cad79c45e93c
组42,重复视频,7406256583107153204.mp4,7406256583107153204,https://douyin.com/?modal_id=7406256583107153204,8a5e54beda38a37210762051afc73df8d09728242594e38cae6cba4f5206c095
组42,重复视频,7404685128695352616.mp4,7404685128695352616,https://douyin.com/?modal_id=7404685128695352616,5e21cab16576e84acdecc237bfc6f2801642d6726cc604258ea3516ee9ab0f7c
组42,重复视频,7404315643840826676.mp4,7404315643840826676,https://douyin.com/?modal_id=7404315643840826676,7946b96127d5381d47c311bf3d8e99af9cebbe6a344bbd0a2d556b7a8d785a09
组42,重复视频,7404082266307038499.mp4,7404082266307038499,https://douyin.com/?modal_id=7404082266307038499,e10419ade6ac00691692330444052a9fc553dab4df733598f2fe341911da974f
组42,重复视频,7403732539472448803.mp4,7403732539472448803,https://douyin.com/?modal_id=7403732539472448803,c7a8b38a3d5f1e359f0ace90d31c418b79422f37087d444e6e878e65fee54fff
组42,重复视频,7402829336614685952.mp4,7402829336614685952,https://douyin.com/?modal_id=7402829336614685952,f112fadc0526c349da459f5147f3e54085ebd2d51eec5ae706ad57b87c26b408
组43,原视频,7410814103368813874.mp4,7410814103368813874,https://douyin.com/?modal_id=7410814103368813874,a03ae9dabce25be78eb482db90ca58b1efcb58ff44a7db52079b04f86928bdb0
组43,重复视频,7402933494000651583.mp4,7402933494000651583,https://douyin.com/?modal_id=7402933494000651583,d6a803e2529194d7dfcc39717c7f877a7d5a7c9163ab5ce17f119e62e16dab8a
组43,重复视频,7398166800451636519.mp4,7398166800451636519,https://douyin.com/?modal_id=7398166800451636519,2e08c7132cda9876389ccd3d53e6cd3d4c1adfbf018493ae5c528bf262f4ad93
组44,原视频,7412102865646308658.mp4,7412102865646308658,https://douyin.com/?modal_id=7412102865646308658,52b1812b7f5dddadfd1d1a768154242b8719e7e0084a670779f1fdaa5cd2a49a
组44,重复视频,7412102560858901797.mp4,7412102560858901797,https://douyin.com/?modal_id=7412102560858901797,3ac74e4710cc33d8ebc466460bb80e049e61fcd0abfee513cd1974f537c0caf3
组44,重复视频,7406899490176748811.mp4,7406899490176748811,https://douyin.com/?modal_id=7406899490176748811,af7514b5bc7c7eb57fd2cf539d7d9023fcf30af9aee37bd1f88dd892c4ae5463
组44,重复视频,7403697420812569875.mp4,7403697420812569875,https://douyin.com/?modal_id=7403697420812569875,635f886aaa85b97c7725cf1f196d34122f1c61761f92b7d62799f4e4f9e84289
组44,重复视频,7399586371729509673.mp4,7399586371729509673,https://douyin.com/?modal_id=7399586371729509673,f8846b8b40bbca08b41dbb506ca7dd6c459bbcfb76e9b95e8e3d8a49ebfee2de
组44,重复视频,7398860063189830966.mp4,7398860063189830966,https://douyin.com/?modal_id=7398860063189830966,bfb80c24439ec6ee0db82b59509c9e03831f06a1084b50e625a6b49a62ca95d8
组45,原视频,7400706331134496019.mp4,7400706331134496019,https://douyin.com/?modal_id=7400706331134496019,865c777009446e05dda1ee4548d94f8f21866eab02eeab75dea8064a5ab2bd26
组45,重复视频,7398436706401127743.mp4,7398436706401127743,https://douyin.com/?modal_id=7398436706401127743,fd5d31cbd9e661a7c5e1a33e733ff98fae365ea523743f0df4ac145a887770b5
组46,原视频,7413348940843601152.mp4,7413348940843601152,https://douyin.com/?modal_id=7413348940843601152,e3f84faa83ef99e78466245fa441b6ec1df83bf47fd455cac7d3bbfdd4ea58d3
组46,重复视频,7406319668786416930.mp4,7406319668786416930,https://douyin.com/?modal_id=7406319668786416930,f2915270c863cc7a1a90ea7b44c3b762c65ddfc02260051357a9e66b9969fb34
组46,重复视频,7406304019548835124.mp4,7406304019548835124,https://douyin.com/?modal_id=7406304019548835124,eddd69bbd93204b2f214beca65c452f5d6e97c79025d9a6d84ff59f8f1af2d3a
组46,重复视频,7397379954591223074.mp4,7397379954591223074,https://douyin.com/?modal_id=7397379954591223074,5cdb8b57c0f4a0c98e6f0882b3648145568c258c4e7799280f3a8b74965a4b5a
组47,原视频,7414117603779579188.mp4,7414117603779579188,https://douyin.com/?modal_id=7414117603779579188,f135507b96dd097ef04734dbd10d9c13673efa37151a69d713c74857d0bfe912
组47,重复视频,7412644065583451427.mp4,7412644065583451427,https://douyin.com/?modal_id=7412644065583451427,1ef18f6973e56ed9ff5942060c6ee197d1058fbbc22ae81a2c65db693e7e3624
组47,重复视频,7411146286440762676.mp4,7411146286440762676,https://douyin.com/?modal_id=7411146286440762676,1723a6cce9be52fdc96ba1948416d8b75625d2549a007826ed6dcfa858c4c906
组47,重复视频,7411123750189419810.mp4,7411123750189419810,https://douyin.com/?modal_id=7411123750189419810,0aca6dbf5cdb3b07d06b5e467b23b0b2870b6f0194fcddfb918471f5f0cf82ab
组47,重复视频,7407413055044324648.mp4,7407413055044324648,https://douyin.com/?modal_id=7407413055044324648,3860e2a811efe0f460cc7450e0904a23ec3151cfdef2e7839cf1108e4a7daac7
组47,重复视频,7406676216930913536.mp4,7406676216930913536,https://douyin.com/?modal_id=7406676216930913536,55287ee83866db6fc6acf142508cd01123285940c2f877cac96bd41fe8012cdd
组47,重复视频,7402248195570421026.mp4,7402248195570421026,https://douyin.com/?modal_id=7402248195570421026,bf48d757e7c86387e7850e5a830430afe39a58d5e8e93f169a02fdf7204c88bd
组47,重复视频,7401509883620691200.mp4,7401509883620691200,https://douyin.com/?modal_id=7401509883620691200,8fd10ee171b577899e347a87ed1b4836412a4bf9c52a1e4162e4719d361f25a6
组47,重复视频,7401494850580778274.mp4,7401494850580778274,https://douyin.com/?modal_id=7401494850580778274,00e995949099e3633d66a48514c87aba6e852f4ea38fab167e9ee50e5e00ce94
组47,重复视频,7401128654400392488.mp4,7401128654400392488,https://douyin.com/?modal_id=7401128654400392488,b9786e6113545615cf9822373313860fa90cfae8f8c6e5afdcec8d3d30251d27
组47,重复视频,7400408016337636648.mp4,7400408016337636648,https://douyin.com/?modal_id=7400408016337636648,94063adb803247ff9d5cf1704fea434db0b1f24c3b7ac00316e4e4d537f95445
组47,重复视频,7400388987296222516.mp4,7400388987296222516,https://douyin.com/?modal_id=7400388987296222516,0233848d349f885ae673a0ba2b2fff526ca6f732586d93f0cc4f06bcdcaa7f4f
组47,重复视频,7400031857636691235.mp4,7400031857636691235,https://douyin.com/?modal_id=7400031857636691235,1106e8c5745483c76ff627cd38dc77ab114f7dc5dd8d007c86004f4d9abf48c2
组47,重复视频,7399286880744901940.mp4,7399286880744901940,https://douyin.com/?modal_id=7399286880744901940,be85dc60e499cfa4fcf37ff84f3b4ca6e73555610871ad5c11a9c436362f1455
组47,重复视频,7398535887782464803.mp4,7398535887782464803,https://douyin.com/?modal_id=7398535887782464803,f4c66a89c07420c5793c64c76d0b12696db7b74ea29fa38720822afd642a26c0
组47,重复视频,7398204273877683491.mp4,7398204273877683491,https://douyin.com/?modal_id=7398204273877683491,5bbc951039679dee9bab7ae53283a39cb63e26394c46422ce7bdbafed387c5a3
组47,重复视频,7398158056418266403.mp4,7398158056418266403,https://douyin.com/?modal_id=7398158056418266403,694d254c9a87d6f9b5a410037f2f42254760aaae2797d1d65ba35ab18bf6cefe
组47,重复视频,7397780364808228111.mp4,7397780364808228111,https://douyin.com/?modal_id=7397780364808228111,3a73ae8643778b10e7c7fd1b79235227c6bf40b2a34ea697eb91ee6e67d92c0b
组48,原视频,7402606073049386280.mp4,7402606073049386280,https://douyin.com/?modal_id=7402606073049386280,6e96f5a317ca2e9bc49a80183fdfeeea92e327c911587cfbb9eced5d56e886c0
组48,重复视频,7398939516410547471.mp4,7398939516410547471,https://douyin.com/?modal_id=7398939516410547471,8c1f974a99730552ac64f5b8abf6e33576ee1d5db9742b6e1d54aa446bb37d77
组49,原视频,7407799738034162978.mp4,7407799738034162978,https://douyin.com/?modal_id=7407799738034162978,d7ce212efd1131022344274a97a6b4c56ebc8eefeb7c1b2f18568100bd19ee2e
组49,重复视频,7405558775081422120.mp4,7405558775081422120,https://douyin.com/?modal_id=7405558775081422120,89602bb0710fa2bf0bfbbbae4abf7556d4cbe09f045cafd3121b669adf4ac0b5
组50,原视频,7410271224644783400.mp4,7410271224644783400,https://douyin.com/?modal_id=7410271224644783400,407606edc716239f09c78d86b14666a22ae0626bf3b49910993311ad92452366
组50,重复视频,7410309016821271817.mp4,7410309016821271817,https://douyin.com/?modal_id=7410309016821271817,026e5baf832ed864e3b95270c97fa7ffb715dd2464adc4521a047db270a6dd8d
组51,原视频,7412958656829984012.mp4,7412958656829984012,https://douyin.com/?modal_id=7412958656829984012,608732499c8903e6b61cd1ca4a53d89907921b900ca8b2d1ab07df8621c31f79
组51,重复视频,7411873731687107859.mp4,7411873731687107859,https://douyin.com/?modal_id=7411873731687107859,f46a951b1ae97cb2196e914569516926cba595602c054cce1462211bb5000d42
组51,重复视频,7411778755594652969.mp4,7411778755594652969,https://douyin.com/?modal_id=7411778755594652969,208f745bc19b0595431d026a8109a650a730907c554e1d7113d3713fbc984292
组51,重复视频,7411539567645412649.mp4,7411539567645412649,https://douyin.com/?modal_id=7411539567645412649,336bedf0e91a838bf9eb047c03bee201cabc5c08c94a4d58d3567217e5ea411f
组51,重复视频,7410777351413370124.mp4,7410777351413370124,https://douyin.com/?modal_id=7410777351413370124,992142bc4891285001eb90cc76f2ea8378f769a15611a617a2306548551dfb9b
组51,重复视频,7410773397891747135.mp4,7410773397891747135,https://douyin.com/?modal_id=7410773397891747135,1f14372423fa58925d2962ddef83b697b24e9015e53c5f467127299c91861140
组51,重复视频,7410752389625531702.mp4,7410752389625531702,https://douyin.com/?modal_id=7410752389625531702,01988e34406aa508e1e63f86699fb9c171c66a3245fca00152d9454e01247798
组51,重复视频,7410412841670413607.mp4,7410412841670413607,https://douyin.com/?modal_id=7410412841670413607,57ee081f48fade80273fdf82f8e08820bb22d670a583b52f07b8714cad0c70a0
组51,重复视频,7408877932094983465.mp4,7408877932094983465,https://douyin.com/?modal_id=7408877932094983465,083fcd0915940724250fd2866200caa648d003a8099471789c700caf80a4d513
组51,重复视频,7408772514211499303.mp4,7408772514211499303,https://douyin.com/?modal_id=7408772514211499303,56353d505a3b21c903f264520f86a0236fa88b4a1cfa895ccb6ed9d197f77e90
组51,重复视频,7408502910415310134.mp4,7408502910415310134,https://douyin.com/?modal_id=7408502910415310134,96175246851b09610810a7bdd65874b18261346174214fa615b8aa11691b5b92
组51,重复视频,7408414838730280255.mp4,7408414838730280255,https://douyin.com/?modal_id=7408414838730280255,ef9e6124f65eade718381ddd5f2694a3649ec5854612b9ad3d59893d0f52c16f
组51,重复视频,7407015300882763044.mp4,7407015300882763044,https://douyin.com/?modal_id=7407015300882763044,920290fade90f26339c7b81a8de0f1b842059728e01f479878d531d491ded840
组51,重复视频,7406562958458834187.mp4,7406562958458834187,https://douyin.com/?modal_id=7406562958458834187,37e64b1dbc5a7072eade301fb31f8a87b86421adb5294da6e4342cd6b1dd3e8e
组51,重复视频,7405978795724770601.mp4,7405978795724770601,https://douyin.com/?modal_id=7405978795724770601,0aacfc4a2f20649ab2838a50dde7798c5b27987c98061522408a4710f911fa7e
组51,重复视频,7405818872340712740.mp4,7405818872340712740,https://douyin.com/?modal_id=7405818872340712740,6cd6168b70c7316145462bf2647c4dd7db2bcf9eff4f82ffcbca417b5168a0c7
组51,重复视频,7405553447832997161.mp4,7405553447832997161,https://douyin.com/?modal_id=7405553447832997161,4f681eb959bc9c9e21cf5b025d999d28387fdf983feea1687981645388d6d7d7
组51,重复视频,7405456165922000164.mp4,7405456165922000164,https://douyin.com/?modal_id=7405456165922000164,ae00260e75aed7e7eec8f253c3f0fb3e127ef416133c7a63c6837a7586a07617
组51,重复视频,7404804223755390271.mp4,7404804223755390271,https://douyin.com/?modal_id=7404804223755390271,8b5bf2f46fc57378ea16888da903e09ea14b09c9ab4f6845b8731332b519bc81
组51,重复视频,7404708523667393831.mp4,7404708523667393831,https://douyin.com/?modal_id=7404708523667393831,b4e71db34007084d16e56acf28a6f6a04208db5afdf485577630bfece98e2c8a
组51,重复视频,7404482357778025791.mp4,7404482357778025791,https://douyin.com/?modal_id=7404482357778025791,4d41c064cd55b6a14ca8ecfdc0eb2cfa26d1cd77b810d6ebf3c94d7dfbfcb1e8
组51,重复视频,7403692239089700132.mp4,7403692239089700132,https://douyin.com/?modal_id=7403692239089700132,385cc64f42d6b35ef966940fd081075b99ac70fe311f682bb022b6450379e6c9
组51,重复视频,7403592634188516627.mp4,7403592634188516627,https://douyin.com/?modal_id=7403592634188516627,31d7bbcdb9aaa9210948c36ea33bdbeca93be7f972fecfae97cf22cd1adefba4
组51,重复视频,7403334479080623371.mp4,7403334479080623371,https://douyin.com/?modal_id=7403334479080623371,e49803ab5217a27a9d912e26323558b5f0f039d0b2d82387bd835d2839b181f6
组51,重复视频,7402195154356014348.mp4,7402195154356014348,https://douyin.com/?modal_id=7402195154356014348,2b859f2f79ea0b39b12e454cfd1a2cdf997a7926ec772909189f0eacc1139549
组51,重复视频,7401821393286941964.mp4,7401821393286941964,https://douyin.com/?modal_id=7401821393286941964,813a1d45c68847c68024c90b9563e0d30ebb469b7833316a43f0175a6284ef72
组52,原视频,7407769159695617321.mp4,7407769159695617321,https://douyin.com/?modal_id=7407769159695617321,6bb5f0b5557949bba2519a1cca3526506dc5d3d104f2623e83b8170e1b3c55bd
组52,重复视频,7406643804813511948.mp4,7406643804813511948,https://douyin.com/?modal_id=7406643804813511948,a3b645c3844d057dbab20cae90cb2fb5d44872d5fa983ae83fdde3a24ab93a97
组52,重复视频,7404483213558648118.mp4,7404483213558648118,https://douyin.com/?modal_id=7404483213558648118,ec37fd8809467fe575238f51f3414f79a46fbd1a2d6a0a2d5bef32ce68439f32
组53,原视频,7409149807207501092.mp4,7409149807207501092,https://douyin.com/?modal_id=7409149807207501092,c0223a37fc07e79f7461043b713320ed9c6d76239ca0c79b59359e7815f3834e
组53,重复视频,7406933569408453907.mp4,7406933569408453907,https://douyin.com/?modal_id=7406933569408453907,19f6aefb608e32d60125cd55a40c67f2406ce198910501805281298f39ce1986
组53,重复视频,7402848507524123943.mp4,7402848507524123943,https://douyin.com/?modal_id=7402848507524123943,e70f4488097e321ae77bf8af349a7422bcf41010f0303c52e18190217fe5276a
组54,原视频,7403228331660905791.mp4,7403228331660905791,https://douyin.com/?modal_id=7403228331660905791,65d27a8995a3dd33117f7104ca751a8a33d0febecbde915ec8a7b21d7fe27125
组54,重复视频,7402594654874651915.mp4,7402594654874651915,https://douyin.com/?modal_id=7402594654874651915,e1ae0c0618c30d728ac853333992d3e5b8799c43f6107470cdc05a28db471419
组55,原视频,7412286649981259049.mp4,7412286649981259049,https://douyin.com/?modal_id=7412286649981259049,c34dece4f8c2c50d610e70c6ea04e7bb8fab5a8b030e3d1e8b224ecef373f36c
组55,重复视频,7409138574974635303.mp4,7409138574974635303,https://douyin.com/?modal_id=7409138574974635303,24bf9c8ecaeaed60e04671128084dbdc09309642d08dfd70114a99faee2922de
组56,原视频,7412252966729682215.mp4,7412252966729682215,https://douyin.com/?modal_id=7412252966729682215,c7d6944257a1d37d4838cadeca733f1a9bb40806a4f7857a30cc584b8ad42af5
组56,重复视频,7409534564671999244.mp4,7409534564671999244,https://douyin.com/?modal_id=7409534564671999244,6676f57f585da08aae38299d32d1414a76977780d802012e66a0593b914cfddf
组57,原视频,7409308659190074636.mp4,7409308659190074636,https://douyin.com/?modal_id=7409308659190074636,2ede069bd99c79750c59431ad30d07bcd4450431891e5d24ce4d71d4ca5b4dce
组57,重复视频,7406252425629175079.mp4,7406252425629175079,https://douyin.com/?modal_id=7406252425629175079,78d7c3cc88bc5a870687638959f4a669f59c20fa82d9f6070c9e12c581174566
组57,重复视频,7402481349719756095.mp4,7402481349719756095,https://douyin.com/?modal_id=7402481349719756095,8f04c3090270056a044924289e28678f5242ad4e032d1a45c90cb192cd017ac2
组58,原视频,7409541801675164928.mp4,7409541801675164928,https://douyin.com/?modal_id=7409541801675164928,f0c306157dede68e2b1a1faa1b437a49949ad639376b1518670c79cb7ea2652d
组58,重复视频,7398768145005104411.mp4,7398768145005104411,https://douyin.com/?modal_id=7398768145005104411,703b0d76068711531bce4c804486fbd701467bbb5d9dd2622506221b1b53e5da
组59,原视频,7411909320176127272.mp4,7411909320176127272,https://douyin.com/?modal_id=7411909320176127272,3edb40db3bbe30519c19a029e56d23a9338f732216ddd307596cb6722bebf7a0
组59,重复视频,7411873371899628834.mp4,7411873371899628834,https://douyin.com/?modal_id=7411873371899628834,62b16a715dd4527a3b11705499debb1d4a8798859f98015d106700c9bf388378
组59,重复视频,7410679838106782976.mp4,7410679838106782976,https://douyin.com/?modal_id=7410679838106782976,07c89f33881bd42f2c787144afae7d4b4b315056a21009ac26006606a02a8875
组59,重复视频,7410633135601306880.mp4,7410633135601306880,https://douyin.com/?modal_id=7410633135601306880,77fda1acb6bddd7a4b6014fcc973790c96654ccd0952ce9e53bed879edd881c7
组59,重复视频,7409958712330177844.mp4,7409958712330177844,https://douyin.com/?modal_id=7409958712330177844,c293ae37e0f81c617bc7913e5c1bd4845bf5ad2d364c7b96c0a777a0c711c7c0
组59,重复视频,7406577281579126053.mp4,7406577281579126053,https://douyin.com/?modal_id=7406577281579126053,972c6ab57689f1a83cdfc33a16e590310385b8e653a5f335455b59e9453d6845
组59,重复视频,7405812748279500083.mp4,7405812748279500083,https://douyin.com/?modal_id=7405812748279500083,5cd642336163be44a4191a6fcd60b50e25ecad556eb802a8b7164fd032a74e6a
组59,重复视频,7405785785779211547.mp4,7405785785779211547,https://douyin.com/?modal_id=7405785785779211547,19c8273bced786e32a5a81ce1d104fe7ad6eef4fdeee5ad87f8a1f3b4074d28f
组59,重复视频,7399614955135323401.mp4,7399614955135323401,https://douyin.com/?modal_id=7399614955135323401,625db481e675e65d52610ca002a65aa7b58ddee02e310652c3416ccda8c2fcf5
组60,原视频,7410727850640166184.mp4,7410727850640166184,https://douyin.com/?modal_id=7410727850640166184,9b40078eaefab2d3fd193fb14cef4895d3929cf998679b6832692073da11ded5
组60,重复视频,7406951344902327578.mp4,7406951344902327578,https://douyin.com/?modal_id=7406951344902327578,0856101d20df73579e6564ca4bec7f3324bdb0da8808c57fe678f98c5719de5e
组61,原视频,7411067061318716706.mp4,7411067061318716706,https://douyin.com/?modal_id=7411067061318716706,89e79cee10a98bd117fb69c80bd969642ca195a8ecc99ca06b9c0a41c051af6d
组61,重复视频,7409998992278408463.mp4,7409998992278408463,https://douyin.com/?modal_id=7409998992278408463,0319ef1533ec1c1f051ac89fb0632254c3bdf886e26dc489f197fdf384b2aadc
组62,原视频,7405869225060961545.mp4,7405869225060961545,https://douyin.com/?modal_id=7405869225060961545,793354b46b80886830d480850cd7c6bda6ab84a08f7d3d3f57771c8dcaeddefc
组62,重复视频,7412287965763833124.mp4,7412287965763833124,https://douyin.com/?modal_id=7412287965763833124,53fdd69d54072070d0198ff374fccfd59d56aa7e7aa12efc820db59f3ddb45d5
组62,重复视频,7411157290495085835.mp4,7411157290495085835,https://douyin.com/?modal_id=7411157290495085835,f9b114e45b7e9eb46daf70e7a035545d444ce3b2bd836a5ce6089c59a6645895
组63,原视频,7408429466432589107.mp4,7408429466432589107,https://douyin.com/?modal_id=7408429466432589107,62ed1d35471495dcaeb27dc8209af62e8615ecd3a058dc7440b249a52a768da8
组63,重复视频,7405453926515887397.mp4,7405453926515887397,https://douyin.com/?modal_id=7405453926515887397,982044319141d68128c90300a657de4648ad1d2904c50c4ce46aa0347777a79e
组64,原视频,7408500342381481225.mp4,7408500342381481225,https://douyin.com/?modal_id=7408500342381481225,1feb6b5db2386574a4463e7e1b6ec9d5082512b0aedeaa909797d065a9c91c20
组64,重复视频,7406565782718631222.mp4,7406565782718631222,https://douyin.com/?modal_id=7406565782718631222,d590b0e6d83b4a9e22303dd00ec50096610b0b8e3657adc0eb85279338085518
组64,重复视频,7404326925432311103.mp4,7404326925432311103,https://douyin.com/?modal_id=7404326925432311103,9cc55b0e53b5e4df5bd78bf7176a519d6b4417bcc5825aa653e095f1099f9d81
组64,重复视频,7401371963068828991.mp4,7401371963068828991,https://douyin.com/?modal_id=7401371963068828991,720103803200ec88baf2d2342457747f862a6f48be798988d64239f5def94f6b
组65,原视频,7406304966912101644.mp4,7406304966912101644,https://douyin.com/?modal_id=7406304966912101644,2511eafedf1eee069fa91da78992f9fb9582c42eb0441a66f6eaa5bed4c88d5a
组65,重复视频,7402961490384473385.mp4,7402961490384473385,https://douyin.com/?modal_id=7402961490384473385,90f8912105fa0a0d6d56ff21e56631bde41b24762914c66e2aba7bd96b6303d2
组66,原视频,7414435527224544562.mp4,7414435527224544562,https://douyin.com/?modal_id=7414435527224544562,c73d26da9a5a0fed7b4a04beb98aea6300eb83f8e9a450edcde90c780acdc6e2
组66,重复视频,7414104233449999625.mp4,7414104233449999625,https://douyin.com/?modal_id=7414104233449999625,5223096ac0ee5ea7c7bcd6d672fac4df436df6e0b3104a7fc5f2a14a27908d1e
组66,重复视频,7411885499100482826.mp4,7411885499100482826,https://douyin.com/?modal_id=7411885499100482826,c7b17f2d50ce08991c0de91e79638141a872a8b0d2b1aef213783c96bcc79932
组66,重复视频,7411875306660842789.mp4,7411875306660842789,https://douyin.com/?modal_id=7411875306660842789,546e01c13a3396b66470df0986c9f18cc27cf0c78a1f104761454e83648e0a31
组66,重复视频,7410049025921043749.mp4,7410049025921043749,https://douyin.com/?modal_id=7410049025921043749,637440847ddd85a96c273fc2ed327c21e936192957fec1070e75e392531d6daa
组66,重复视频,7407291399076416780.mp4,7407291399076416780,https://douyin.com/?modal_id=7407291399076416780,74f619cc8c8afb1de2af6cba69ee4188a85e2ec714c6a2b95379a28c7d675a99
组66,重复视频,7405916228348284214.mp4,7405916228348284214,https://douyin.com/?modal_id=7405916228348284214,66bf43c8f44edc75306b9e131e491ea52c8757c18ad7413ccbc54ae4d9e82ea5
组66,重复视频,7405430200143613225.mp4,7405430200143613225,https://douyin.com/?modal_id=7405430200143613225,eb824959afbda411e76c97407cfc0ec0f4011a5f5de0ad440bf8f8e1cde62459
组66,重复视频,7405206793808350475.mp4,7405206793808350475,https://douyin.com/?modal_id=7405206793808350475,81254a42e58f8ea1495229ca6c6ec7ed081af6b0cedd4c6a14fd386a471f54e7
组66,重复视频,7404792017743596863.mp4,7404792017743596863,https://douyin.com/?modal_id=7404792017743596863,cf4dcf2044d71c3d51f7d3a6c1fe0819015bb5b7a326afb8b1c7029a6218fffb
组66,重复视频,7404698953632992523.mp4,7404698953632992523,https://douyin.com/?modal_id=7404698953632992523,bbfe438450fa4a91fae53ab57e2733542873e6201bdb2d672b16c29792a8558e
组66,重复视频,7404043739762756900.mp4,7404043739762756900,https://douyin.com/?modal_id=7404043739762756900,65cca47fb6a57636fd566d454e619fb2ec91dab13744c343ec2e25a096e3ea61
组66,重复视频,7403952061122940172.mp4,7403952061122940172,https://douyin.com/?modal_id=7403952061122940172,f3723b1c12e500ae9692d5dcd1575d54754afcd3008e8813bbe95d1674dba51b
组66,重复视频,7402189808921038119.mp4,7402189808921038119,https://douyin.com/?modal_id=7402189808921038119,a3830c7daa0b2ba9da170b08d4c8f58c514bfa47ba761bd1bace711807033bdf
组66,重复视频,7402095948874173715.mp4,7402095948874173715,https://douyin.com/?modal_id=7402095948874173715,4b59c38a480215ecccc761932259d270f0f0c8a56983f28f8bd71bb386ef8d81
组66,重复视频,7401829478307073316.mp4,7401829478307073316,https://douyin.com/?modal_id=7401829478307073316,ac734115da4fb3ae72e3f19c2d14ca85b8962ac1577cfe78f9bf5362b066a347
组66,重复视频,7401477169223847204.mp4,7401477169223847204,https://douyin.com/?modal_id=7401477169223847204,ed09726a539e368c1eb432620c8c00a4c5ba1323c169397e866df8de4deda331
组66,重复视频,7401111945685830948.mp4,7401111945685830948,https://douyin.com/?modal_id=7401111945685830948,14703cc33d2266d07e0536a5892d90e5b42599fe129f787525a4e8409bb94447
组66,重复视频,7400243744940903691.mp4,7400243744940903691,https://douyin.com/?modal_id=7400243744940903691,a50981e728d55a3f0e2a4152b36ef4340df2d790f509fe8ddff0cdb57a136ad4
组66,重复视频,7399638976010800395.mp4,7399638976010800395,https://douyin.com/?modal_id=7399638976010800395,f3e7d57f3a066f86a01e4828bad08ff599e9be2aff66e00029e9ce93a69fc22a
组66,重复视频,7399503001934744895.mp4,7399503001934744895,https://douyin.com/?modal_id=7399503001934744895,6e9e3aed6eb5811e60d95b234a833554e2402e09a2394033c8fed28f183226fe
组66,重复视频,7399260207651540260.mp4,7399260207651540260,https://douyin.com/?modal_id=7399260207651540260,373ddcab510ea25c690b46e0208848bc8d5ad94051a50dfa9c3a997b74d0fba5
组66,重复视频,7398899417585061161.mp4,7398899417585061161,https://douyin.com/?modal_id=7398899417585061161,031d33e403f36f4e4c5d97cfd7a15f12365c39a6baf52e039e244d34ed5c2998
组66,重复视频,7398871984760687913.mp4,7398871984760687913,https://douyin.com/?modal_id=7398871984760687913,7f494d814218b414a091870c2efe768eebd53b54964e48a47183d7809df04e4a
组67,原视频,7398525941368065318.mp4,7398525941368065318,https://douyin.com/?modal_id=7398525941368065318,254e3794d7147c21e790e22e7da84d0cfaef8d3afdc7360341c87d9e01018e78
组67,重复视频,7398489375916559642.mp4,7398489375916559642,https://douyin.com/?modal_id=7398489375916559642,cf77504ce6bd088a2855a797c9a829de8feb1264f8aeca29143c1d5c527ac736
组68,原视频,7409899692542266675.mp4,7409899692542266675,https://douyin.com/?modal_id=7409899692542266675,d3c888329924d30b97108df81842015c1dd1d3931f59af6eac6742b9046a0cdf
组68,重复视频,7408778868200328475.mp4,7408778868200328475,https://douyin.com/?modal_id=7408778868200328475,97785712a22618a296257f7d0a6fc8452a2e2148bd000975f323d424a6f97739
组68,重复视频,7405078373573184779.mp4,7405078373573184779,https://douyin.com/?modal_id=7405078373573184779,b878f249816dd106204b2366079174b9b8d0368ca1584d4b2d74fa139f0c282b
组68,重复视频,7399599459325234468.mp4,7399599459325234468,https://douyin.com/?modal_id=7399599459325234468,e06d556c71d9c93af53cb15a4b7f92b6a1a6dde6dc87e238bb9337216c0251e3
组69,原视频,7403697365078641961.mp4,7403697365078641961,https://douyin.com/?modal_id=7403697365078641961,8375d612d9a23e5e744f37b3ae5a4e73c4c3cc08bbfe5f77c014e0ef23767449
组69,重复视频,7402564466811931940.mp4,7402564466811931940,https://douyin.com/?modal_id=7402564466811931940,7c89da86980d506a57631e0ea42eb2e37754d1171addf3e1ca07d45af73a497c
组70,原视频,7411135226950339867.mp4,7411135226950339867,https://douyin.com/?modal_id=7411135226950339867,f0ae711a4a36673c15436fec6e00877b141394015edb0b63632ebb8c46cbc9c1
组70,重复视频,7411102618837142810.mp4,7411102618837142810,https://douyin.com/?modal_id=7411102618837142810,a0cf147a05066fe99278aa6230645e592093aac100dcccf99981888b268cbd13
组71,原视频,7413695584655166729.mp4,7413695584655166729,https://douyin.com/?modal_id=7413695584655166729,0c923db29fd8ff1f0810aed27dd364b480b5937a501eba2b1af08be083ea9199
组71,重复视频,7403595141308583180.mp4,7403595141308583180,https://douyin.com/?modal_id=7403595141308583180,f7de407e25bdafdd169bf82c00865a32dc647c1957b0f5e6b954058624c3a31d
组72,原视频,7413602520238394674.mp4,7413602520238394674,https://douyin.com/?modal_id=7413602520238394674,1d86987977662a601aa05914a4653007dc82a31c37170ef5eee7cd15ec9d605f
组72,重复视频,7399883591246695721.mp4,7399883591246695721,https://douyin.com/?modal_id=7399883591246695721,50387d3a6103d7d714eb288922db4ee75ec27f7ac64ec49acdaf8a715e5c7ebe
组73,原视频,7409279616235392306.mp4,7409279616235392306,https://douyin.com/?modal_id=7409279616235392306,2145d7efeb81413ff714c564b387c0666204c3ada1e05876f2627901da0f3d5f
组73,重复视频,7403331722491776295.mp4,7403331722491776295,https://douyin.com/?modal_id=7403331722491776295,212be2199836a3b9b3607ff7edb8f0b8324ca2065d444466499fac21e5b85e20
组73,重复视频,7402469886795975999.mp4,7402469886795975999,https://douyin.com/?modal_id=7402469886795975999,d6bf34f0c3c03193cf5398886cd0d267748f3de8d561828702120070246c77b4
组73,重复视频,7400339725199936831.mp4,7400339725199936831,https://douyin.com/?modal_id=7400339725199936831,597a8b68be94ffd35802975f0e788653790c40e81c04d2d262369cad95859f7d
组74,原视频,7414038744203857206.mp4,7414038744203857206,https://douyin.com/?modal_id=7414038744203857206,eaeed677ed0181091e14a89f38e046cdf4a7ae1373ad6b5312c7df01281df6fe
组74,重复视频,7412575444337282315.mp4,7412575444337282315,https://douyin.com/?modal_id=7412575444337282315,7360b09edf006839093bfefe74198ae4e80b177a36451af4a7d81ff39a5c8950
组74,重复视频,7411089967536999721.mp4,7411089967536999721,https://douyin.com/?modal_id=7411089967536999721,9a35a59001b7c5d4d0882af1654ab605badc484b03ad0a343135883a6d43a133
组74,重复视频,7410646736567422262.mp4,7410646736567422262,https://douyin.com/?modal_id=7410646736567422262,e4e7e4f4e7c8c848c31e32b9d65c84f58fd17b59aa907fc017f11f2ecf97b64d
组74,重复视频,7410278538265333033.mp4,7410278538265333033,https://douyin.com/?modal_id=7410278538265333033,8cf65ae24699e0f29b6b0f196f232be401032ca407560f393737ef4ba256c51f
组74,重复视频,7406988725319732491.mp4,7406988725319732491,https://douyin.com/?modal_id=7406988725319732491,85c7eb3c432c0c0c2a1c84fae5aba3bdfefea1c0887f11d49b911e4516dabc0c
组74,重复视频,7406573679506656523.mp4,7406573679506656523,https://douyin.com/?modal_id=7406573679506656523,706c94bd75c77ea1488acfe43375b57474f2ec3c5bfb1d2b5988ec1d2d0eee6e
组74,重复视频,7406207850722233663.mp4,7406207850722233663,https://douyin.com/?modal_id=7406207850722233663,037b3a14ba40ed5002b2f2b1e44d51dd57a8a363a82738ff757ac668fbf5e5d2
组74,重复视频,7405562412444798247.mp4,7405562412444798247,https://douyin.com/?modal_id=7405562412444798247,29606421108e8701387e88366d9e90441552acb3236e72bcea1bdbc38168547c
组74,重复视频,7405108110106299711.mp4,7405108110106299711,https://douyin.com/?modal_id=7405108110106299711,d13c7b3e61da3e2c2f1d10b897db327cc5d97d22fbbafcaad73d8488ba9eeb21
组74,重复视频,7404805157810179340.mp4,7404805157810179340,https://douyin.com/?modal_id=7404805157810179340,b2d723d448c51579139b3ff6ae0cab18d9829c086210ac79108aad9787f6808a
组74,重复视频,7404391237127556393.mp4,7404391237127556393,https://douyin.com/?modal_id=7404391237127556393,dc5ea810dfd945cd8037f50b3faac7a69a0aad04eefc012e2b3496d5ba84db9c
组74,重复视频,7401390822769446185.mp4,7401390822769446185,https://douyin.com/?modal_id=7401390822769446185,14dc37d5ca37580948c29d84cd96058c96853b63a1fbcfaa4cd62beabc5824e2
组74,重复视频,7401021108465438015.mp4,7401021108465438015,https://douyin.com/?modal_id=7401021108465438015,c4171ea0ba547725dffd414f9bb253ef7fd111d2b93e80373e8c1e9519f25a79
组74,重复视频,7400268961872350505.mp4,7400268961872350505,https://douyin.com/?modal_id=7400268961872350505,ac6ca540255bf5a096da6640e7848a5b47fa431a8e27bb91c6c04e3a711a39df
组74,重复视频,7399606276524723467.mp4,7399606276524723467,https://douyin.com/?modal_id=7399606276524723467,b661109828452555aaaaa1cbcdc2ac2811f1fe5c9d5181cf3fce967691914b5d
组74,重复视频,7398141869995199798.mp4,7398141869995199798,https://douyin.com/?modal_id=7398141869995199798,ca1d1ed089e8d17e217d05cb2aaa20265dad7e4339d19a77c97744b2e8433242
组74,重复视频,7398062245713808651.mp4,7398062245713808651,https://douyin.com/?modal_id=7398062245713808651,2d2424cba64b3a1fa516ba4fa6bcb7abb9a005ff3d47d1eaac101e6f9f228c6f
组74,重复视频,7397385455995538727.mp4,7397385455995538727,https://douyin.com/?modal_id=7397385455995538727,05332fcd3c2db9db84c5c7c17f50d8352d216077f2552579b8ac1aeaf57685d7
组75,原视频,7408029900864490791.mp4,7408029900864490791,https://douyin.com/?modal_id=7408029900864490791,efea56fd4668c6eb450ee559242eb725c3cd0c42c4888b73a53ce18be53d35ec
组75,重复视频,7397291357334687015.mp4,7397291357334687015,https://douyin.com/?modal_id=7397291357334687015,fbc61f10d048adfb6c302ed3d520626d954bad9b407509f7dffc4bceeff7629b
组76,原视频,7402457387522592011.mp4,7402457387522592011,https://douyin.com/?modal_id=7402457387522592011,f212eda7c8bf66275ea301e27a774cefd734c5450445905507534e32b56b55f0
组76,重复视频,7400240451611151627.mp4,7400240451611151627,https://douyin.com/?modal_id=7400240451611151627,73c4520589198f60e780e5cc99bf1f0ab14251bf3aff1e38f2a7d14e1376d96a
组77,原视频,7413692521223572775.mp4,7413692521223572775,https://douyin.com/?modal_id=7413692521223572775,2befb556a97c0fc23c722d439266483dcdb29324b572a1827132ad580f7a4169
组77,重复视频,7413625494169521447.mp4,7413625494169521447,https://douyin.com/?modal_id=7413625494169521447,e72b5f9ba1ea47509368642c56b2fe198c0a040a0118fd90ae33385d416563ef
组78,原视频,7401729646556941631.mp4,7401729646556941631,https://douyin.com/?modal_id=7401729646556941631,d6aafeb51032a88ccdc5a4c621afb6ad654b7292d14c92a9f88e37c8f352c2d3
组78,重复视频,7398505173900938535.mp4,7398505173900938535,https://douyin.com/?modal_id=7398505173900938535,a41cc47f11e511d40f9f1dc7cb29b08599732293ba658a2b137452192e0caf1f
组79,原视频,7414331391644650802.mp4,7414331391644650802,https://douyin.com/?modal_id=7414331391644650802,3e16ee99eb258cf5b100ddad9f44b22e5e1b18aee692453aea886fa25705c0b5
组79,重复视频,7413587260618165555.mp4,7413587260618165555,https://douyin.com/?modal_id=7413587260618165555,b9f454321396a1bba3a61d64ad973860bc7a3860263fe0c1e200cfea31173ab5
组79,重复视频,7412989591415819546.mp4,7412989591415819546,https://douyin.com/?modal_id=7412989591415819546,d3b064666ad0613c0d6929bcea312438fcfb2b93b53cb6efd2ba977573c785d5
组79,重复视频,7412876174843579657.mp4,7412876174843579657,https://douyin.com/?modal_id=7412876174843579657,3a4ae1a276e2555ae81b0c06068a83d3ba0afa879525d5f9b6518345984fde00
组79,重复视频,7412856425384299827.mp4,7412856425384299827,https://douyin.com/?modal_id=7412856425384299827,e09f3be4d3af0d84bd2d9c4f91a83292dec068cd0d1d4ec5f281c9976dc35ba1
组79,重复视频,7409564938890480906.mp4,7409564938890480906,https://douyin.com/?modal_id=7409564938890480906,3f2e5cebd3d687352b51758c47cf776d6edd0a3769caa5cc2ef9b836801efb2b
组79,重复视频,7408389443578547492.mp4,7408389443578547492,https://douyin.com/?modal_id=7408389443578547492,e79f6a5acda54db093b2ec6ea8a71aaf24407edb77a8cca36e285775b127ff99
组79,重复视频,7407293643595304233.mp4,7407293643595304233,https://douyin.com/?modal_id=7407293643595304233,2bded7e88c147f4b24e609aebcc721fab01ffc9f9e48eb8f932581b5ac52c405
组80,原视频,7414835801147673893.mp4,7414835801147673893,https://douyin.com/?modal_id=7414835801147673893,619d90f5f0451e80c34c9482b7e32b5e71daf046cebf5279d16102592ddeb9db
组80,重复视频,7414476389795089702.mp4,7414476389795089702,https://douyin.com/?modal_id=7414476389795089702,9da3c6629542657d6e4936f12831ffd4eeacd5a02c0b5c49378a18ea4d17dbf5
组80,重复视频,7413982852162784521.mp4,7413982852162784521,https://douyin.com/?modal_id=7413982852162784521,eb9d4b2d3b987f4db4500f3f6b922cce39f9df5f5ab316b077a23723c54b6a8e
组80,重复视频,7412105682561813811.mp4,7412105682561813811,https://douyin.com/?modal_id=7412105682561813811,8f2989643c907af4ece93bce0b3a6d44b98d75321ba9b7aecf44ed4066541de3
组80,重复视频,7411729418097413413.mp4,7411729418097413413,https://douyin.com/?modal_id=7411729418097413413,b3a6670768633a2c20852e3242db704b951bb88f308490ab4d687b0bf94c1eb2
组80,重复视频,7411118211858484490.mp4,7411118211858484490,https://douyin.com/?modal_id=7411118211858484490,cb8a5934ba7d88ec2a7545b033d4ca944bb2521ea0cd815ab33096ca384875b2
组80,重复视频,7410990510560660745.mp4,7410990510560660745,https://douyin.com/?modal_id=7410990510560660745,ed1186482663f775e5968b33738ac2e4dd61e0db01790c7ed658cc5769224b04
组80,重复视频,7410684234936913161.mp4,7410684234936913161,https://douyin.com/?modal_id=7410684234936913161,60aacfa44235c05943f78610789f6531541d94849a17005a757b087d861f7abf
组80,重复视频,7409198014235020581.mp4,7409198014235020581,https://douyin.com/?modal_id=7409198014235020581,2cb9b87b4d1905e1b95795f1023448867f00e64439e4ed0af89ecbf36d845491
组80,重复视频,7406931588166061324.mp4,7406931588166061324,https://douyin.com/?modal_id=7406931588166061324,6aba5bc7bcd8573b35db14cacc085a237ba07b694f31b9b91c5bec17923417d2
组80,重复视频,7406277296878816575.mp4,7406277296878816575,https://douyin.com/?modal_id=7406277296878816575,59bd991da9e82c87cf0697e8c1a9bff2fcb227e6b8f405b809d4cb89eaa2c03e
组80,重复视频,7405430435741699367.mp4,7405430435741699367,https://douyin.com/?modal_id=7405430435741699367,41b7c77b2d8afba02f6132cd7c324b557a1a3319a993df33fdd0b4d7bcc622a8
组81,原视频,7411779845367090459.mp4,7411779845367090459,https://douyin.com/?modal_id=7411779845367090459,aa7496379fe19f6385389e8186048b6b1c53518840636473bd68bdadcb6f9559
组81,重复视频,7410617101817236786.mp4,7410617101817236786,https://douyin.com/?modal_id=7410617101817236786,94864595bed1343f025699756335c0b41af6ff19e59999ac3cdff8b78b21f5e5
组81,重复视频,7409995194541657382.mp4,7409995194541657382,https://douyin.com/?modal_id=7409995194541657382,094bb04845a4f4208b85a59215ba6dbd20c7ce4b9cbaa65c2bfa83ee51aa0468
组81,重复视频,7409935370386672934.mp4,7409935370386672934,https://douyin.com/?modal_id=7409935370386672934,76a974c62e1fecc1794dbf5588decd8b364196eac4f4efd9d8bd269896bab6ca
组81,重复视频,7409884324964732211.mp4,7409884324964732211,https://douyin.com/?modal_id=7409884324964732211,c4870a760ceef96803c4cce823c8e3cb3603a43a5f608e51c4a0029afdab819f
组81,重复视频,7405561194599173415.mp4,7405561194599173415,https://douyin.com/?modal_id=7405561194599173415,f4d0295e597e0e6598dff67701ce1ddb86d57a92f44bf56cd610f6da3fafc17e
组82,原视频,7411836550251613477.mp4,7411836550251613477,https://douyin.com/?modal_id=7411836550251613477,08bf82f00ad037d180668a41b711c9adb1bac76581d21e85e9e4383620720c5a
组82,重复视频,7408868408734846217.mp4,7408868408734846217,https://douyin.com/?modal_id=7408868408734846217,e3638e36e4f7865c9a6e86a7450e50bd46909a26005d98ebac4699f756699156
组83,原视频,7398357803775167783.mp4,7398357803775167783,https://douyin.com/?modal_id=7398357803775167783,6fcd5d71d71c7ab76bd4a218842a633ab7ec19e21b90417db2270cfafa4ded70
组83,重复视频,7397643791181614375.mp4,7397643791181614375,https://douyin.com/?modal_id=7397643791181614375,1de4dd305e69f00fef26039b3f3ec373ae5a20b19bf9036ad97225deb9d8a6a9
组84,原视频,7403706337894370614.mp4,7403706337894370614,https://douyin.com/?modal_id=7403706337894370614,d1af3995512495a05ccb5a9171f64bd3c760da84818f78d49f7cc5b1dda93389
组84,重复视频,7398159205460413708.mp4,7398159205460413708,https://douyin.com/?modal_id=7398159205460413708,df2649b90ed33b8cc44799c34ada1df72a781cd5f4256c0db74a494e644423a2
组85,原视频,7412871049026571546.mp4,7412871049026571546,https://douyin.com/?modal_id=7412871049026571546,0916bb64cffbcb5815d4d18f39aade8d13a77824a4ef627265baab175d399389
组85,重复视频,7412490275601321225.mp4,7412490275601321225,https://douyin.com/?modal_id=7412490275601321225,9edde13423c47e11d7ac25cf28cf5d46c70e16f50325f821142ff695b5574a93
组86,原视频,7398948649096564003.mp4,7398948649096564003,https://douyin.com/?modal_id=7398948649096564003,014111aaa096125a4bec0aac32549107e09a888ed3d9624e61264842bc48f4f0
组86,重复视频,7398517766522817792.mp4,7398517766522817792,https://douyin.com/?modal_id=7398517766522817792,270b9516e5241349c134a76a72c0c022f72f470cbb7fa93fdefbeffcafc70bd8
组87,原视频,7404779497104362764.mp4,7404779497104362764,https://douyin.com/?modal_id=7404779497104362764,efbe8cd26de0c20236faec4eaf01ded9be7e3bab4cc4997a84667749c942da52
组87,重复视频,7404779010288405801.mp4,7404779010288405801,https://douyin.com/?modal_id=7404779010288405801,128ad781728cd37f40988fc1b4f094ad2e39f237b8bf38112121712a448b633e
组88,原视频,7398947655885278498.mp4,7398947655885278498,https://douyin.com/?modal_id=7398947655885278498,d488654870e1027dbb0970b1d831c7cc6316064efd85e328ea4272e336282248
组88,重复视频,7398548503204515084.mp4,7398548503204515084,https://douyin.com/?modal_id=7398548503204515084,5f1caf14fce1cd4563045d4a913e675174190c2eb2b07aa8361e6275afff20ea
组89,原视频,7412968956786396467.mp4,7412968956786396467,https://douyin.com/?modal_id=7412968956786396467,4ef6de9f709774354c3917f13333de9ce30a2cc98920bde48af1334aeb52442e
组89,重复视频,7412580619793861915.mp4,7412580619793861915,https://douyin.com/?modal_id=7412580619793861915,2e5a37ccc8964e119473d2aaf5f2cc62f69bd2be68a542708515f1275db95fb2
组90,原视频,7411458110918888713.mp4,7411458110918888713,https://douyin.com/?modal_id=7411458110918888713,12da5cfc849eada5614e5ac5c8c5476aa84fe4ac263573a75ead4efaa6d7adfc
组90,重复视频,7407772776767032610.mp4,7407772776767032610,https://douyin.com/?modal_id=7407772776767032610,e41b15be8b1941cb7cbabeb701a4297b03b81149be76170b8a5e341373afb92a
组91,原视频,7404397817583717682.mp4,7404397817583717682,https://douyin.com/?modal_id=7404397817583717682,a028279c97c8e865c350798ad1050e8ac5db1d6fb18de881d23dfa94ad0c389b
组91,重复视频,7403713099334716710.mp4,7403713099334716710,https://douyin.com/?modal_id=7403713099334716710,862085db855b1bf38311860a54afa98e69c28829c779ef6b0a8a51fa7084af1d
组91,重复视频,7397428181315243273.mp4,7397428181315243273,https://douyin.com/?modal_id=7397428181315243273,004c8d14e214a144dd89410f8c1a4ba639c8270ee03bdc615eb24d18b246b02f
组92,原视频,7412289962957081919.mp4,7412289962957081919,https://douyin.com/?modal_id=7412289962957081919,d305ed3049bc01fcd2e34c45234a08f98bc1bc1bb3939f91697d9380e3cf373f
组92,重复视频,7409326469257661735.mp4,7409326469257661735,https://douyin.com/?modal_id=7409326469257661735,b4b9d94dbc9c50ba90d5a20574b6ca2d2245558e32c1354a2950c6cf7041c2b3
组93,原视频,7405251037650570546.mp4,7405251037650570546,https://douyin.com/?modal_id=7405251037650570546,30241bb5d07fc2fa053a42912b104954c1ed8529abd38fe0d7ad3762f05a2e2d
组93,重复视频,7402958578262232357.mp4,7402958578262232357,https://douyin.com/?modal_id=7402958578262232357,a0dee397ec7a98b26a5136bc03908c2cd1a37297cb6fba5a0da557fbf2ff3167
组94,原视频,7402852266769681701.mp4,7402852266769681701,https://douyin.com/?modal_id=7402852266769681701,a7b59e37afffaeb58e2df52c355e4b8c4e28e042162f9434b4f2fc98abc068da
组94,重复视频,7400352552522419494.mp4,7400352552522419494,https://douyin.com/?modal_id=7400352552522419494,c2d9e5b43a400ccd933d262206d2985f39ca04e8cc64c568c1f5434a56937016
组95,原视频,7399975091766873353.mp4,7399975091766873353,https://douyin.com/?modal_id=7399975091766873353,e480d240bd7b0c2e2dc2eb0b068abae5728309ff06df8f4fd884802f7a8fcc44
组95,重复视频,7399897393077964070.mp4,7399897393077964070,https://douyin.com/?modal_id=7399897393077964070,8d86f5942ee531e33fc6ccc8bdedc6eb431ae2b87c671d9c82be441944e250c4
组96,原视频,7413396729657101631.mp4,7413396729657101631,https://douyin.com/?modal_id=7413396729657101631,9ed2180319a4a4988adc4899635d1a38473ce862d97a58e4f918af7125014e42
组96,重复视频,7412880479323507987.mp4,7412880479323507987,https://douyin.com/?modal_id=7412880479323507987,0d179d82f4453f6474d628b761026ee13314323393f61b0eef2fc1a26cc82af3
组97,原视频,7413619162372672818.mp4,7413619162372672818,https://douyin.com/?modal_id=7413619162372672818,f5b20a874b9faf984a1ea7146cf8314fcdcadb39a61fca7ba720a416291a6448
组97,重复视频,7409868629279247653.mp4,7409868629279247653,https://douyin.com/?modal_id=7409868629279247653,e035db4cd5bdae662527dd42715232f811cedf02bba1fc821986f6408324f3a0
组98,原视频,7411906937756945703.mp4,7411906937756945703,https://douyin.com/?modal_id=7411906937756945703,5273d9d450cf84caab9f0fa451d791a2fcbe584470ade6f13223173f11192903
组98,重复视频,7411820031815716108.mp4,7411820031815716108,https://douyin.com/?modal_id=7411820031815716108,63a7ae7f417f2cdfa5d136e58aa8f4881e5f9acb8fcba4374f43d19b7e31e9b8
组98,重复视频,7411451497529036044.mp4,7411451497529036044,https://douyin.com/?modal_id=7411451497529036044,f43c2eaf29870c94e4a57105a16084973d11da6efcd5483561a0fd33e7a6bb83
组98,重复视频,7411115762892524863.mp4,7411115762892524863,https://douyin.com/?modal_id=7411115762892524863,83e5547c21b2313f9f6584ba011b7a647c4759e7c3ad0f75531f3a4bbdb22809
组98,重复视频,7409245520293645622.mp4,7409245520293645622,https://douyin.com/?modal_id=7409245520293645622,afec8bbae922377cc22e7abe864b040b89e9ba3174d8126309881b56dcbdf760
组98,重复视频,7409153821823241508.mp4,7409153821823241508,https://douyin.com/?modal_id=7409153821823241508,0fe0738b44260d1f58ec7c16ff904f0439635ba6553d2c2a57fef82fec2b8654
组98,重复视频,7408508911646543116.mp4,7408508911646543116,https://douyin.com/?modal_id=7408508911646543116,fa6250236068072bd335eb6081426771bd31b5a1e472fa844f17e739e7729361
组98,重复视频,7405167853961334053.mp4,7405167853961334053,https://douyin.com/?modal_id=7405167853961334053,084129b477b609c2cfb0f947a21f4f6c739cbcd6d8137202da62a741dd58f420
组98,重复视频,7404331671635447090.mp4,7404331671635447090,https://douyin.com/?modal_id=7404331671635447090,c53241893ec82356c432af9a13fd8eaf5bb98e14c8177efb526f7644fc00f982
组98,重复视频,7402844470057782578.mp4,7402844470057782578,https://douyin.com/?modal_id=7402844470057782578,8cf91bffba435acf8c97eff43bc531afecb4db45986bee72bd6d1c96add9bb51
组98,重复视频,7402628738946452773.mp4,7402628738946452773,https://douyin.com/?modal_id=7402628738946452773,368ff02a124c06e9cb3636c26c55dd96afe4e79c438d1671df2ab37843f12d95
组99,原视频,7409873689111432460.mp4,7409873689111432460,https://douyin.com/?modal_id=7409873689111432460,d7318ffc7fead4c9ae672a5a2ea163a04858a066510a6cf2ad800a8177bbb29e
组99,重复视频,7409519087300201769.mp4,7409519087300201769,https://douyin.com/?modal_id=7409519087300201769,caa914cb2ef622b923ca3918eb5b8227e4bd146078ba311c661320eed7fc70cc
组99,重复视频,7409232236295294247.mp4,7409232236295294247,https://douyin.com/?modal_id=7409232236295294247,c991bdf58b936689cc58215f40233306984b80ba204ff5e2bbd5a0d72eabb7a3
组99,重复视频,7407743049347943689.mp4,7407743049347943689,https://douyin.com/?modal_id=7407743049347943689,18d54f5b3b8ab1fa458246bf6b95ea87dbfdbfd6bcc0828f2ffe3e81fad9c57e
组99,重复视频,7406632595414322469.mp4,7406632595414322469,https://douyin.com/?modal_id=7406632595414322469,94ab1b0377cec4563050d3e55febbc562aecb9a8f57d54578fe1b755d434a5dc
组99,重复视频,7406219900261256458.mp4,7406219900261256458,https://douyin.com/?modal_id=7406219900261256458,d78386e568adc12f2ee867cf2323423eec54ce03bfa4851fd71ebaefbd75c658
组99,重复视频,7403995169055427866.mp4,7403995169055427866,https://douyin.com/?modal_id=7403995169055427866,e7400fd04bb9da914284cf20575baaef53ac61139ddf664f5e00c9c11fde3d88
组99,重复视频,7403686752264686886.mp4,7403686752264686886,https://douyin.com/?modal_id=7403686752264686886,ddbe41a8b43f33c219bed82e766a42fd38d971efa19670e01025fb29628d79d9
组99,重复视频,7403670311746456883.mp4,7403670311746456883,https://douyin.com/?modal_id=7403670311746456883,cd12162b4fd33c2621f567acf3f1820a5de385c90adbeea120184545ed37fabd
组99,重复视频,7403313169046801714.mp4,7403313169046801714,https://douyin.com/?modal_id=7403313169046801714,fe7a5ce10c6f7cc5e827a91d2d8dc1f0f37bfd20914591ebe7e923fb49d59e2b
组99,重复视频,7398005669183507750.mp4,7398005669183507750,https://douyin.com/?modal_id=7398005669183507750,ca813fde5bb8a4a46848c39a419961bc33e2edb7624619c0b4d4459bc840cf47
组100,原视频,7411753695018372393.mp4,7411753695018372393,https://douyin.com/?modal_id=7411753695018372393,34149c44be3aa7f27eef7aecb9946a18be2d2f046b80f7113a41109c7d5fad90
组100,重复视频,7411477866027699475.mp4,7411477866027699475,https://douyin.com/?modal_id=7411477866027699475,6ad132db1e13868945b33ec1e21f75f897bc3e53b9e84dace12c197bc6ca1937
组100,重复视频,7409988006041357587.mp4,7409988006041357587,https://douyin.com/?modal_id=7409988006041357587,0a758ba0da5e01de2809bcf91a1ed95f6970513f0416d5b558ffe3eef5c23002
组100,重复视频,7409909004572314934.mp4,7409909004572314934,https://douyin.com/?modal_id=7409909004572314934,069538296fed02d2df154717aaeb0d4811533f4bb240bf07ecdd3a1f32fd00df
组100,重复视频,7408911889779936575.mp4,7408911889779936575,https://douyin.com/?modal_id=7408911889779936575,a6e00bf7e70284a4e58e595c84feba834375901e8aa04c4d0aa9e4942f6fda48
组100,重复视频,7408878970327862591.mp4,7408878970327862591,https://douyin.com/?modal_id=7408878970327862591,a970a0dd22a11d630961ab06472ae421baf4ad519b2b3b61207c665fd7136774
组100,重复视频,7407677921990692123.mp4,7407677921990692123,https://douyin.com/?modal_id=7407677921990692123,48d2032b574a7e4a077d219b4e4f9c18bfc640734e6ab73c6ab43da509c450d6
组100,重复视频,7406252830396353801.mp4,7406252830396353801,https://douyin.com/?modal_id=7406252830396353801,53090440c1702bfbeb99833be034a2db25150c5b44796a117e0bbc41878bce95
组100,重复视频,7405115038559702310.mp4,7405115038559702310,https://douyin.com/?modal_id=7405115038559702310,add8a3681ff569bc4924e932dc2d2e071527252294c5eaea990ae5f936f2ce14
组100,重复视频,7404745042159537446.mp4,7404745042159537446,https://douyin.com/?modal_id=7404745042159537446,2fc5a82919f9314b0670a568c5018d642012eda5d4ff35519f026ae26638ae7f
组100,重复视频,7404330699861396745.mp4,7404330699861396745,https://douyin.com/?modal_id=7404330699861396745,a92753f5290d79e62cea14b515c381c99beb81246164e974064f146c35bb519b
组101,原视频,7414347369497496884.mp4,7414347369497496884,https://douyin.com/?modal_id=7414347369497496884,154fc2548e8aa3120699fadb3af881da62ed6ae3bd40e04c4ce28a750a34d5c1
组101,重复视频,7413975975135857972.mp4,7413975975135857972,https://douyin.com/?modal_id=7413975975135857972,ba7797c2c5bffc36172f91f1d8e2c8f9a81c16ef67ca543e1c49509470ac59c1
组102,原视频,7411749053865659648.mp4,7411749053865659648,https://douyin.com/?modal_id=7411749053865659648,5a90b1ab5cc1fa13248d4057180b8c73a14d4cf4cfde2eecc3418875c105fbd8
组102,重复视频,7409520156902182184.mp4,7409520156902182184,https://douyin.com/?modal_id=7409520156902182184,6f424028e8086cdbf25474a3bab676eec275b0621437b82453e506afc434095a
组102,重复视频,7409152656394013952.mp4,7409152656394013952,https://douyin.com/?modal_id=7409152656394013952,f1654bf349585993f6d0952d8f0c8b4a5b6e7521f90a5cab43633a93fd4d2bc7
组102,重复视频,7404039348544474418.mp4,7404039348544474418,https://douyin.com/?modal_id=7404039348544474418,00c3590f35cc843f4576840c7cc359772f049512b2ef48bad9a2e5fd19f50b57
组103,原视频,7402550063496531227.mp4,7402550063496531227,https://douyin.com/?modal_id=7402550063496531227,f580ad02164217d84687641734a3144386c7f49a517f4ac3b1520944da05bd93
组103,重复视频,7402179596356996403.mp4,7402179596356996403,https://douyin.com/?modal_id=7402179596356996403,980fd458c6f3d9968142fe013a24ec8d33b218e2e3eb29ca530369770737e8d3
组103,重复视频,7401364965430463782.mp4,7401364965430463782,https://douyin.com/?modal_id=7401364965430463782,344109138e9e90b0c7ab20de0435ce8bbace87060a61423c698e7855091ff9c7
组103,重复视频,7399880187740998949.mp4,7399880187740998949,https://douyin.com/?modal_id=7399880187740998949,b8b2b54d07bd0aa14bd410df1e2393fb43e3264afe8bba782f8e5234198ec789
组103,重复视频,7398766150009556233.mp4,7398766150009556233,https://douyin.com/?modal_id=7398766150009556233,f2c32d160a62d73f9f76274195c8b4973bd9a407c24cafd702b4453d18bb267d
组104,原视频,7414844142678756643.mp4,7414844142678756643,https://douyin.com/?modal_id=7414844142678756643,7ef20e530b8931a14a5198c0acb7bfe11aa36532fc522f48c8c324b67f2f1817
组104,重复视频,7413236487942130959.mp4,7413236487942130959,https://douyin.com/?modal_id=7413236487942130959,e6533ba9be1f9aee6485ef023d0db4ef912826913e01b987940e7fa2e4b79180
组104,重复视频,7410635260410465551.mp4,7410635260410465551,https://douyin.com/?modal_id=7410635260410465551,cdd56b3597364ed30449df0339598d3ab8bc03a686d0420b7850ddb65d45a59f
组104,重复视频,7410017638514019599.mp4,7410017638514019599,https://douyin.com/?modal_id=7410017638514019599,62cd60571ca0dd099033049ee5d871a492c08d762f5dade372da61c707df4c2f
组104,重复视频,7408810049230867752.mp4,7408810049230867752,https://douyin.com/?modal_id=7408810049230867752,5f2f7e1196a27651cc0da34ca52676975fbd4cb53d0fad21182da417c4f008f0
组104,重复视频,7408039475277761843.mp4,7408039475277761843,https://douyin.com/?modal_id=7408039475277761843,a70685e581baa4e3af9aa15b3d8269f94abefa53fb447a4298a599d9e84f034e
组104,重复视频,7407418703572126985.mp4,7407418703572126985,https://douyin.com/?modal_id=7407418703572126985,15b191ea451f1b9f76b4ab06edb2dba632fcec40b29a5f0f8366842903f1d9af
组104,重复视频,7405814763294444809.mp4,7405814763294444809,https://douyin.com/?modal_id=7405814763294444809,e34a1ad2d83d928a3e72cb832ae797ca2dceaa644d60cbc2c0612c20f5695bdd
组104,重复视频,7404699210701917491.mp4,7404699210701917491,https://douyin.com/?modal_id=7404699210701917491,2a085f23c511501b2301789b1742ea6779d793f59860b00dd1ba5d6ca82ff833
组104,重复视频,7402841253215358234.mp4,7402841253215358234,https://douyin.com/?modal_id=7402841253215358234,e9e21cfa655bbba9675c8284aa5e512cd37e5c5304793e3e5b949211aca27eaf
组104,重复视频,7402470252669455653.mp4,7402470252669455653,https://douyin.com/?modal_id=7402470252669455653,62491dc85be3c5193be551ce1918b500d979958ca499c61d8ed2fe7d508ed511
组104,重复视频,7399505131055746314.mp4,7399505131055746314,https://douyin.com/?modal_id=7399505131055746314,d7f4cf5ed36482bd83ed0460048ea06efb0e95ab4bad012b8e391720df8dd80f
组105,原视频,7411131226515328291.mp4,7411131226515328291,https://douyin.com/?modal_id=7411131226515328291,a32698f84baf7f7508f3f96e62c43d546804d33eeead632f4ab7fe0cf17d7aa1
组105,重复视频,7409931171888483619.mp4,7409931171888483619,https://douyin.com/?modal_id=7409931171888483619,28d45daa6b1cd07613306dfb3063afddebc33876c8ac3575aa38e9b837339e4e
组105,重复视频,7408533728303123747.mp4,7408533728303123747,https://douyin.com/?modal_id=7408533728303123747,9faf4700c19c364982bc961eeb2500a594567e14389935c2cd84d728d8706ee0
组105,重复视频,7406181307925024027.mp4,7406181307925024027,https://douyin.com/?modal_id=7406181307925024027,591d106c28bf9adc348e255ce39e1fe50a2966e51b6514642a04bcb81c02eda7
组105,重复视频,7405935528119389490.mp4,7405935528119389490,https://douyin.com/?modal_id=7405935528119389490,e97a93f1d2bcf0ecfc79bef0924965baa978455d3439c03257879c99f09e4997
组105,重复视频,7401853893946264841.mp4,7401853893946264841,https://douyin.com/?modal_id=7401853893946264841,84bef438e96118ab25ad31b8a815f4faa0d32f51f33e17d8359fbc422930bea0
组105,重复视频,7401728340077448475.mp4,7401728340077448475,https://douyin.com/?modal_id=7401728340077448475,5af81b2bcfe8193214d576f9536c9074eedb4e5eb3e824cdd34e7fdfbb20c078
组105,重复视频,7400618518615444745.mp4,7400618518615444745,https://douyin.com/?modal_id=7400618518615444745,60dc01dcc834110eb98544d8aba528357f707daa8f191b156247c3ae6ac48c31
组105,重复视频,7399955043996159269.mp4,7399955043996159269,https://douyin.com/?modal_id=7399955043996159269,09fdce3d1bf009019043a6ef8977434dc7ed2bf34cc97bc7fe4114e854f7879d
组105,重复视频,7399214563872296242.mp4,7399214563872296242,https://douyin.com/?modal_id=7399214563872296242,69a376bc267db45c00a121488e9ce9a574c5d02a896e3e26d61c5f2959fc10df
组105,重复视频,7399138183654411570.mp4,7399138183654411570,https://douyin.com/?modal_id=7399138183654411570,91c942316c31f5710cdbaca0aecedb48183c884b91c3a5bf73e8fe32adeea9bb
组105,重复视频,7398842979537947931.mp4,7398842979537947931,https://douyin.com/?modal_id=7398842979537947931,78507a0fb1a333b6c3f08a55345f7b8d4f910793e6123a4abae66023ca6f0688
组105,重复视频,7398433109114375474.mp4,7398433109114375474,https://douyin.com/?modal_id=7398433109114375474,be6254e75a69ff0d0d1edeaea2ac489a7cc2711d140f89913cac20762d1ce793
组106,原视频,7403953936132017434.mp4,7403953936132017434,https://douyin.com/?modal_id=7403953936132017434,19613949a74f71fa8a40a753b861949d91b497eff343aee32faae0d8c96995b8
组106,重复视频,7400737163635166515.mp4,7400737163635166515,https://douyin.com/?modal_id=7400737163635166515,99933f08d35246035da7de695719d77000a1cfbb4de7175ae64fbbf97ab68f19
组107,原视频,7401483721603419419.mp4,7401483721603419419,https://douyin.com/?modal_id=7401483721603419419,05a7bd7a364ce24dcc28be0c5dd4295d37311a180f01fe183c8701396dbd602f
组107,重复视频,7399914934278081802.mp4,7399914934278081802,https://douyin.com/?modal_id=7399914934278081802,662ac5e7e1ba53797085d353fce3c275e0f53d9e5c07f92081a3cea7d979f11b
组108,原视频,7402922703390346534.mp4,7402922703390346534,https://douyin.com/?modal_id=7402922703390346534,b3224c8cc6944a8d293f892286def7ce00966fc0c4ff0b6177b6dd1b4e82007c
组108,重复视频,7398886391364586779.mp4,7398886391364586779,https://douyin.com/?modal_id=7398886391364586779,8bdaf29d7bbda71e729fed0310344df778c88d052812224a427910daf0910fb0
